ID,Type,Median Value (experiment1),Median Value (experiment2),Mean Value (experiment1),Mean Value (experiment2),Comparison p-value (experiment1),Comparison p-value (experiment2),Median Log2 Fold Change (experiment1),Median Log2 Fold Change (experiment2),Mean Log2 Fold Change (experiment1),Mean Log2 Fold Change (experiment2),Median Log2 Fold Change Direction (experiment1),Median Log2 Fold Change Direction (experiment2),Median Log2 Fold Changes Consistent,Combined Comparison p-value,Corrected Comparison p-value
120min glucose,pheno,171.5,152.0,168.86,155.02,0.015873015873015872,0.007936507936507936,0.643379186946478,0.7493493186220386,0.5080415628619188,0.8974302663594523,1.0,1.0,True,0.001257170147813431,0.00282863283258022
Body weight,pheno,30.700000000000003,31.25,30.910000000000004,31.069999999999997,0.007936507936507936,0.007936507936507936,0.36889896109954384,0.2765809376717416,0.36781053208058845,0.3260226836059989,1.0,1.0,True,0.0006722451381899064,0.00282863283258022
GTT-AUC,pheno,32880.5,31867.5,32009.22,31895.06,0.007936507936507936,0.007936507936507936,0.4788549681202752,0.8082601363314452,0.4909288987203508,0.8805103623442392,1.0,1.0,True,0.0006722451381899064,0.00282863283258022
HOMA-IR,pheno,1.5111448484999999,2.856122853,1.6544499620199997,3.4275670724799987,0.015873015873015872,0.007936507936507936,0.9394039844088614,1.3698977782649544,1.0226186576028207,2.0762842062179696,1.0,1.0,True,0.001257170147813431,0.00282863283258022
OTU_1001564,microbe,0.0,0.0,0.7126471207,0.32046711384000004,0.0119252335930176,0.5476190476190477,-0.40885704733809847,-1.4656424379909239,-0.4756829033624845,-0.7080242775889175,-1.0,-1.0,True,0.03938714513419287,0.12666905875156428
OTU_100497,microbe,0.0,nan,0.9232915545200001,nan,0.14245669739409875,nan,-0.40885704733809847,nan,0.5930252733702785,nan,-1.0,nan,False,0.14245669739409872,0.27183429425581906
OTU_104463,microbe,0.0,0.004936729,6.19664412964,2.94529342724,0.15079365079365079,0.30952380952380953,0.7991057420781744,0.3563953893709825,1.6867348298707363,1.0725923148471166,1.0,1.0,True,0.1897103377902299,0.3273113982475211
OTU_1100972,microbe,224.7501418,55.12003194,435.5109593538,141.2296394268,1.0,0.010909498364269283,-0.23551337932846542,1.596179098394267,-0.04410899336203929,1.4387922305427252,-1.0,1.0,False,0.060199937037759325,0.15182464631575412
OTU_1105328,microbe,8.993018945500001,5.5455760745,14.821718175940003,6.456726008939999,0.0119252335930176,0.8412698412698413,-0.40885704733809847,0.12477684870397361,-0.4756829033624845,0.5213882159986674,-1.0,1.0,False,0.05620057793573507,0.1486357390142467
OTU_1105876,microbe,nan,2.8369326580000003,nan,4.67298821086,nan,0.15079365079365079,nan,-0.8631046716160425,nan,-0.7435507390328547,nan,-1.0,False,0.15079365079365087,0.27183429425581906
OTU_1106290,microbe,nan,0.0,nan,0.32046711384000004,nan,0.5476190476190477,nan,-1.4656424379909239,nan,-0.7080242775889175,nan,-1.0,False,0.5476190476190477,0.6362510322047895
OTU_1107303,microbe,18.992861295,1.8120655934999998,19.501687298519997,4.76622192896,0.5476190476190477,0.5476190476190477,2.6436937998454257,-1.4656424379909239,0.9990981799953225,-0.7080242775889175,1.0,-1.0,False,0.6610553150174396,0.7464725748230638
OTU_1108078,microbe,4.7687891024999995,2.8286605424999998,6.603185204180001,3.75545996124,0.14245669739409875,0.8412698412698413,-0.46992405199094206,0.12477684870397361,0.6271751398605367,0.1529642824321961,-1.0,1.0,False,0.3741018717994103,0.5240033186876757
OTU_1108378,microbe,12.52601239,8.176893477499998,13.895336852380002,7.728703693399998,0.15079365079365079,0.2222222222222222,-0.11888977996579296,0.41683475564479927,0.5645120459662316,0.6366240862734598,-1.0,1.0,False,0.1473059720752468,0.27183429425581906
OTU_1108453,microbe,4.968820389499999,8.700034117,10.028187305300001,13.304072728100003,0.14245669739409875,0.2222222222222222,-0.11888977996579296,0.41683475564479927,0.31345012260459487,2.1372815874067386,-1.0,1.0,False,0.14096231398087566,0.27183429425581906
OTU_1111328,microbe,19.691018375,1.7971213910000001,30.808965846920003,3.76022873924,0.03614514204656228,0.2222222222222222,-3.3662567283371025,0.41683475564479927,-2.7571338722034877,2.6076250983595703,-1.0,1.0,False,0.046782176374728174,0.14326013172070567
OTU_1113282,microbe,16.52976869,nan,28.608200509840007,nan,0.14245669739409875,nan,-2.7062302042166184,nan,-1.2460945144453337,nan,-1.0,nan,False,0.14245669739409872,0.27183429425581906
OTU_1129461,microbe,0.0,0.0,0.63032576212,0.35919822604,0.0119252335930176,0.5476190476190477,-0.40885704733809847,-1.4656424379909239,-0.4756829033624845,-0.7080242775889175,-1.0,-1.0,True,0.03938714513419287,0.12666905875156428
OTU_1135616,microbe,0.0,0.0,1.7875147741000001,1.06808316446,0.09523809523809523,0.42063492063492064,-0.11888977996579296,1.7289843384128938,-1.5679386931573287,0.981713028111947,-1.0,1.0,False,0.16894962832942573,0.2978848710018822
OTU_1141746,microbe,0.0,nan,0.6194958885599999,nan,0.0119252335930176,nan,-0.40885704733809847,nan,-0.4756829033624845,nan,-1.0,nan,False,0.011925233593017597,0.09219122893063604
OTU_114462,microbe,1.263443512,nan,4.60118890644,nan,0.0936926194932482,nan,-3.1948512840083247,nan,-1.7898044853327242,nan,-1.0,nan,False,0.09369261949324822,0.20921155347384848
OTU_1144981,microbe,nan,0.0,nan,0.77346930942,nan,0.6904761904761905,nan,-1.4656424379909239,nan,1.1999331812267875,nan,-1.0,False,0.6904761904761905,0.7604696673189824
OTU_1146784,microbe,nan,0.0,nan,0.60198016446,nan,0.5476190476190477,nan,-1.4656424379909239,nan,0.6340760234571963,nan,-1.0,False,0.5476190476190477,0.6362510322047895
OTU_115186,microbe,nan,0.0,nan,2.2034387752,nan,0.2222222222222222,nan,-3.8490378949822976,nan,-0.865771143397094,nan,-1.0,False,0.22222222222222218,0.3573333333333333
OTU_119010,microbe,0.0,nan,1.8660943754200003,nan,0.05855263015682658,nan,-0.5141279466291389,nan,-0.9918381737111509,nan,-1.0,nan,False,0.05855263015682658,0.15182464631575412
OTU_122049,microbe,0.0,nan,0.83390775094,nan,0.0119252335930176,nan,-0.40885704733809847,nan,-0.4756829033624845,nan,-1.0,nan,False,0.011925233593017597,0.09219122893063604
OTU_129394,microbe,11.10999404,3.624961239,14.773481331820001,4.744151272240001,0.0119252335930176,0.5476190476190477,-0.40885704733809847,-1.4656424379909239,-0.4756829033624845,-0.7080242775889175,-1.0,-1.0,True,0.03938714513419287,0.12666905875156428
OTU_134065,microbe,3.8229471750000004,nan,5.26703710816,nan,0.14245669739409875,nan,-0.40885704733809847,nan,2.21810186208847,nan,-1.0,nan,False,0.14245669739409872,0.27183429425581906
OTU_134265,microbe,nan,4.5269760375,nan,8.426503838719999,nan,0.2222222222222222,nan,-1.5694204365917526,nan,-0.9769195393051732,nan,-1.0,False,0.22222222222222218,0.3573333333333333
OTU_134671,microbe,0.0,nan,1.4284719012000002,nan,0.011667312343319386,nan,-0.5141279466291389,nan,-2.060546350443914,nan,-1.0,nan,False,0.011667312343319388,0.09219122893063604
OTU_134762,microbe,12.798330815,6.0573719795,43.425232068739994,12.019260633839998,0.015873015873015872,0.007936507936507936,-2.3968126017294216,-2.5468384174288565,-2.0415820605347044,-2.385911816639116,-1.0,-1.0,True,0.001257170147813431,0.09219122893063604
OTU_135956,microbe,4.842026565499999,3.6827173795,15.8549241541,6.051592596859999,0.6751736149271245,0.20869044313696405,-1.447867794968284,-0.4644699656943707,0.2390246522844802,-1.232561873450672,-1.0,-1.0,True,0.4170268846445905,0.5663675933348831
OTU_144814,microbe,0.0,nan,1.12722714258,nan,0.14245669739409875,nan,-0.40885704733809847,nan,0.6232462907740718,nan,-1.0,nan,False,0.14245669739409872,0.27183429425581906
OTU_150689,microbe,nan,0.0,nan,0.32046711384000004,nan,0.5476190476190477,nan,-1.4656424379909239,nan,-0.7080242775889175,nan,-1.0,False,0.5476190476190477,0.6362510322047895
OTU_1523543,microbe,1.0783180235,0.0,3.9111609908800005,1.9665147850399998,1.0,0.15079365079365079,1.9579813627032066,2.3156781164101883,0.46385599332248173,1.570323974772046,1.0,1.0,True,0.43607155260250585,0.5794230368915
OTU_152485,microbe,0.0,nan,0.6194958885599999,nan,0.0119252335930176,nan,-0.40885704733809847,nan,-0.4756829033624845,nan,-1.0,nan,False,0.011925233593017597,0.09219122893063604
OTU_157121,microbe,1.815617261,2.2181522265,3.92043331462,4.61231561208,0.14245669739409875,0.15079365079365079,-0.40885704733809847,-2.6361282671633455,0.6232462907740718,-2.625488545390809,-1.0,-1.0,True,0.10398280941801304,0.22116978511132931
OTU_16006,microbe,nan,0.0,nan,1.83416385968,nan,0.30952380952380953,nan,-1.4713321802495023,nan,-1.4505332271639082,nan,-1.0,False,0.30952380952380965,0.4541188738269032
OTU_162005,microbe,63.658912125,27.318447815,68.8713360903,26.597899467499992,0.6904761904761905,0.8412698412698413,1.3230107073482973,0.12477684870397361,1.54855728747235,2.855191739038429,1.0,1.0,True,0.8964187135096375,0.9192865378338629
OTU_162215,microbe,0.0,nan,0.64270025736,nan,0.0119252335930176,nan,-0.40885704733809847,nan,-0.4756829033624845,nan,-1.0,nan,False,0.011925233593017597,0.09219122893063604
OTU_163153,microbe,nan,3.7632185775,nan,3.6265902151600007,nan,0.5476190476190477,nan,-1.4656424379909239,nan,-0.7080242775889175,nan,-1.0,False,0.5476190476190477,0.6362510322047895
OTU_163997,microbe,nan,2.0296425334999997,nan,2.0240688730799996,nan,0.5476190476190477,nan,-1.4656424379909239,nan,-0.7080242775889175,nan,-1.0,False,0.5476190476190477,0.6362510322047895
OTU_165046,microbe,11.019990245,3.774132399,13.199860521299998,4.10610017282,0.5476190476190477,0.2222222222222222,-0.1799567846186365,0.41683475564479927,0.5688577697635845,1.8448561225373623,-1.0,1.0,False,0.3780095998941868,0.525812661444509
OTU_166869,microbe,nan,2.2181522265,nan,2.4033437842400005,nan,0.5476190476190477,nan,-1.4656424379909239,nan,-0.7080242775889175,nan,-1.0,False,0.5476190476190477,0.6362510322047895
OTU_166911,microbe,20.739928365,9.8012992805,116.47738409850001,35.43170607156001,0.2059032107320684,0.011667312343319386,-0.26642821133054173,-2.3068279181529094,-0.5488953901554163,-2.2400931618764908,-1.0,-1.0,True,0.016891584450975744,0.10112913369477593
OTU_167034,microbe,164.8537874,82.51567458,192.01043087078,84.26145368904004,0.09523809523809523,1.0,-0.958620013181345,0.0905271059144576,-1.088401475005984,-0.5463081911014891,-1.0,1.0,False,0.31917859592033115,0.46154602719414795
OTU_167420,microbe,7.852812791,2.634110496,12.78943801272,3.2586579434600003,1.0,0.015873015873015872,0.2564995982051342,1.3564839210951778,0.09591153013121811,2.193588709340932,1.0,1.0,True,0.08163705914907193,0.19418992768004095
OTU_170950,microbe,24.004075115,9.463017636,27.75357336338,11.267715450460003,0.0119252335930176,0.5476190476190477,-0.46992405199094206,-1.4656424379909239,-1.3986153771315213,-0.7080242775889175,-1.0,-1.0,True,0.03938714513419287,0.12666905875156428
OTU_171322,microbe,6.059109138,2.2697781819999996,11.935667269599998,6.191798416639999,0.6751736149271245,0.15079365079365079,-0.17150791295070877,-1.7919500877212655,0.833276553887008,-1.9114547445587882,-1.0,-1.0,True,0.334414233583942,0.4784146686859242
OTU_173892,microbe,33.14685201,14.69067116,39.90411818598,15.757858808020005,0.5296192990034517,0.015873015873015872,-1.1252504989448382,1.3564839210951778,-0.004019115743203244,3.470838335482454,-1.0,1.0,False,0.048579805687399544,0.14465986582470086
OTU_174320,microbe,7.1923782974999995,5.5455760745,8.07052114276,5.671284336879999,0.0119252335930176,0.5476190476190477,-0.40885704733809847,-1.4656424379909239,-0.4756829033624845,-0.7080242775889175,-1.0,-1.0,True,0.03938714513419287,0.12666905875156428
OTU_174667,microbe,10.009994345500001,8.551914395499999,13.5439928576,8.63679504556,0.0119252335930176,1.0,-0.5141279466291389,0.11908710644539537,-3.4981107541580583,1.0515652826867057,-1.0,1.0,False,0.06474326964713482,0.16065922467992716
OTU_174824,microbe,16.801004995,15.21504972,28.26959192096001,21.862219848139997,0.15079365079365079,0.8412698412698413,-2.7062302042166184,-1.0908066412905695,-1.9727852290539096,0.36661288037883144,-1.0,-1.0,True,0.3887803654332097,0.5315976425311235
OTU_175227,microbe,34.452990475,1.7214131755,41.914009546059994,5.5956037812399995,0.6904761904761905,0.5476190476190477,1.3230107073482973,-1.4656424379909239,1.9011230755802355,-0.7080242775889175,1.0,-1.0,False,0.7458561849003924,0.797431346622228
OTU_1756274,microbe,0.0,0.0,2.2218728339,1.3667527617200002,1.0,0.42063492063492064,1.3230107073482973,1.3564839210951778,-0.2794849290227767,0.2890555554797069,1.0,1.0,True,0.7849005527790942,0.8347355085111001
OTU_176118,microbe,401.6152498,55.12003194,443.85087940578023,61.23406249782,0.015873015873015872,1.0,-3.4696015788740047,0.0905271059144576,-2.238063676159488,0.61829700545739,-1.0,1.0,False,0.08163705914907193,0.19418992768004095
OTU_176154,microbe,20.13477408,8.979911624,62.76319253058,17.729340623619997,0.0119252335930176,0.6904761904761905,-1.6094856425097266,-0.05587338010082832,-1.8633213573863037,-0.13553983805209416,-1.0,-1.0,True,0.04775337724023522,0.14326013172070567
OTU_176858,microbe,5.286935303,2.6849438075,7.075362728520003,2.9930040227199997,0.2222222222222222,0.15079365079365079,-0.21571180758890546,1.734674080671472,-1.8493875410976952,0.28750903547329576,-1.0,1.0,False,0.1473059720752468,0.27183429425581906
OTU_176868,microbe,59.2652654,31.31787773,59.760430066679994,31.280093395739996,0.42063492063492064,0.2222222222222222,-0.17150791295070877,0.41683475564479927,-0.34480202868399085,2.65014086910158,-1.0,1.0,False,0.31501511760019113,0.4595792093929784
OTU_176957,microbe,25.86377529,17.981449175,29.733381366019994,17.27810687188,0.0936926194932482,0.15079365079365079,-2.5587021145910005,-1.8401956205938104,-1.0523482962260153,-1.4583011591930088,-1.0,-1.0,True,0.07430865529816508,0.17887472712492433
OTU_177195,microbe,283.0814599,167.8007633,342.4762058572201,193.60671686726005,0.15079365079365079,0.8412698412698413,2.5425312506602276,-0.230298388626312,3.08854766069909,0.2308456627876701,1.0,-1.0,False,0.3887803654332097,0.5315976425311235
OTU_177271,microbe,17.019980805000003,13.985859675,32.80983181084,16.37284287316,0.03614514204656228,0.8412698412698413,-2.8571182536312336,0.11908710644539537,-1.4254973508140496,-0.5764777171967275,-1.0,1.0,False,0.1366240145918553,0.27183429425581906
OTU_178959,microbe,173.9684916,24.376534675000002,158.13367667504,26.768621362179992,0.30952380952380953,0.8412698412698413,-0.2241606792568332,0.11908710644539537,-0.20245724256004968,-0.5963330555956293,-1.0,1.0,False,0.6107683135875269,0.6955491843121411
OTU_179547,microbe,129.1197934,39.88080393,120.18949365309996,34.41522895004,0.2222222222222222,0.15079365079365079,-0.21571180758890546,1.3507941788365998,-1.241098757116187,0.3267074623719645,-1.0,1.0,False,0.1473059720752468,0.27183429425581906
OTU_179703,microbe,5.8151586465000005,3.9077639160000004,7.476569717560004,3.7218614483800008,0.0119252335930176,0.5476190476190477,-0.40885704733809847,-1.4656424379909239,-0.4756829033624845,-0.7080242775889175,-1.0,-1.0,True,0.03938714513419287,0.12666905875156428
OTU_180235,microbe,8.993018945500001,7.0925514375,9.91289961622,6.951894771699999,0.42063492063492064,0.15079365079365079,-0.17150791295070877,1.3969583110573105,0.07882427775523888,1.356220064857879,-1.0,1.0,False,0.2383558674497785,0.3787314573707943
OTU_180362,microbe,0.0,1.9403818720000001,1.3581529888000003,3.4778072106200004,0.0119252335930176,0.5476190476190477,-0.40885704733809847,-1.4656424379909239,-0.4756829033624845,-0.7080242775889175,-1.0,-1.0,True,0.03938714513419287,0.12666905875156428
OTU_180405,microbe,262.5581823,119.4481689,505.4538123532002,151.8161499164,0.04520135297652211,0.02000818529160622,-1.422628925165035,1.173594139589617,-1.1927924277026725,1.05413941767669,-1.0,1.0,False,0.007242630482756473,0.09219122893063604
OTU_180535,microbe,8.6449455945,11.207490655,11.421181675900002,10.332344927159998,0.0119252335930176,0.6904761904761905,-0.46992405199094206,0.41683475564479927,-1.3986153771315213,0.8421946019607671,-1.0,1.0,False,0.04775337724023522,0.14326013172070567
OTU_181683,microbe,46.14002064,11.479308660000001,66.36270657019999,16.8215610655,0.6751736149271245,0.42063492063492064,1.9175673992042521,1.0435143740744997,1.420656549023677,1.220154379684892,1.0,1.0,True,0.6414958295497648,0.7284783149124447
OTU_182470,microbe,4.187615009,nan,4.5677691388,nan,0.15079365079365079,nan,-0.11888977996579296,nan,0.3784137256312016,nan,-1.0,nan,False,0.15079365079365087,0.27183429425581906
OTU_182712,microbe,10.09829048,7.0250758215,11.20786693436,7.184879434759999,0.0119252335930176,0.5476190476190477,-0.40885704733809847,-1.4656424379909239,-0.4756829033624845,-0.7080242775889175,-1.0,-1.0,True,0.03938714513419287,0.12666905875156428
OTU_182764,microbe,11.652714085,8.244844124,74.10189714242001,27.55369619228,0.09068836617120415,0.011667312343319386,-0.6131768949763435,-2.9924092074551645,-0.7689595926834929,-2.827975781345545,-1.0,-1.0,True,0.008307367845721756,0.09219122893063604
OTU_182893,microbe,27817.7167205,2068.485209,27013.928343039985,6623.509508013998,0.02480842454780953,0.13633299527519235,-1.8264903470584732,1.7056211290407486,-1.226303576900738,3.2320751565260863,-1.0,1.0,False,0.022624348802531453,0.12245051906933113
OTU_183446,microbe,3145.2649495,757.5655379,7219.121013987401,1319.1929516082,0.007290358091535638,0.4605966187047713,-5.729708483090316,-1.4491320330429422,-5.607505972358022,-2.920159165018814,-1.0,-1.0,True,0.022486055578317475,0.12245051906933113
OTU_183838,microbe,nan,0.0,nan,2.35929205646,nan,0.5476190476190477,nan,-1.4656424379909239,nan,-0.7080242775889175,nan,-1.0,False,0.5476190476190477,0.6362510322047895
OTU_184009,microbe,nan,0.0,nan,7.5291441558,nan,0.2222222222222222,nan,0.31935644991862244,nan,1.2692364279550372,nan,1.0,False,0.22222222222222218,0.3573333333333333
OTU_184451,microbe,553.6090017500001,216.08345494999998,744.9762995067999,282.85527082942,0.09523809523809523,0.30952380952380953,-1.4334045697469902,1.0181582596417145,-1.3313573789830644,1.0721522529105985,-1.0,1.0,False,0.13336335994061008,0.27183429425581906
OTU_184966,microbe,5.661268194,0.004936729,30.28790349304,23.48273796835999,0.14245669739409875,0.30952380952380953,-0.11888977996579296,-1.4713321802495023,0.31345012260459487,-1.371208940380436,-1.0,-1.0,True,0.18172959061149385,0.31901875731799356
OTU_185126,microbe,23.76383607,21.588965495,26.37246009446001,19.981630773040003,0.6751736149271245,0.5476190476190477,1.7585518929827317,0.4111450133862208,1.5125642461345572,0.41793244383821027,1.0,1.0,True,0.737612686584203,0.797431346622228
OTU_185177,microbe,8.556678002,5.447960167,10.38114539586,5.752639718779999,0.0119252335930176,0.5476190476190477,-0.40885704733809847,-1.4656424379909239,-0.4756829033624845,-0.7080242775889175,-1.0,-1.0,True,0.03938714513419287,0.12666905875156428
OTU_185222,microbe,4.664286059,2.5536268294999998,5.481276726119998,2.82962965198,0.0119252335930176,0.5476190476190477,-0.40885704733809847,-1.4656424379909239,-0.4756829033624845,-0.7080242775889175,-1.0,-1.0,True,0.03938714513419287,0.12666905875156428
OTU_185587,microbe,4.668770286499999,nan,4.7760281963799995,nan,0.0119252335930176,nan,-0.40885704733809847,nan,-0.4756829033624845,nan,-1.0,nan,False,0.011925233593017597,0.09219122893063604
OTU_1857626,microbe,nan,1.2897198815,nan,15.625462669039997,nan,0.05555555555555555,nan,-3.2767768679291147,nan,-3.364669682440286,nan,-1.0,False,0.05555555555555553,0.1486357390142467
OTU_187233,microbe,10.943990320000001,8.4046302225,69.4176076164,29.182293001079998,0.08968602177036457,0.0119252335930176,-0.2650193129059501,-2.4355893678618825,-0.7347471816164011,-2.510883171618759,-1.0,-1.0,True,0.00838566628018448,0.09219122893063604
OTU_187962,microbe,5.174773742999999,3.6972549304999998,32.099009720279994,14.749567742420002,0.2222222222222222,0.011159425282914755,-2.061889923863942,-4.212073916745963,-0.8626199311458889,-3.0914029345988876,-1.0,-1.0,True,0.017357985634177956,0.10112913369477593
OTU_188225,microbe,22.540077005,14.278999185,27.13432626984,14.40565224996,0.0119252335930176,0.6904761904761905,-0.46992405199094206,-0.7221201433360873,-1.4787093742443593,-0.8881066323931206,-1.0,-1.0,True,0.04775337724023522,0.14326013172070567
OTU_188973,microbe,41.34290721,8.410029401500001,42.82106403952,8.05034856206,0.6904761904761905,0.2222222222222222,1.3230107073482973,1.8609481280214615,1.3663389175237388,1.6625962539856745,1.0,1.0,True,0.4410533564397985,0.5794230368915
OTU_189288,microbe,3.8465940400000003,nan,4.47491088564,nan,0.14245669739409875,nan,-0.40885704733809847,nan,0.6232462907740718,nan,-1.0,nan,False,0.14245669739409872,0.27183429425581906
OTU_189585,microbe,40.26553679,17.360974875,43.9595879335,20.42072637648,0.0936926194932482,0.2222222222222222,-2.8571182536312336,0.41683475564479927,-1.073733993807255,0.7135953710436598,-1.0,1.0,False,0.10143398794070374,0.2204133143360157
OTU_189840,microbe,529.1852685,227.5892735,1505.9658279414004,486.3695028062804,0.09523809523809523,0.6904761904761905,-2.337765675057965,0.51067754533461,-1.360551513844675,0.461191006600822,-1.0,1.0,False,0.2447408669350358,0.38431964260892343
OTU_1902400,microbe,0.078180634,3.3010460495,2.4582925948599996,3.26475248958,0.0119252335930176,0.5476190476190477,-0.46992405199094206,-1.4656424379909239,-1.9877219117815024,-0.7080242775889175,-1.0,-1.0,True,0.03938714513419287,0.12666905875156428
OTU_190242,microbe,21.251534059999997,9.514994244,25.373143922220002,10.594194855180003,0.0936926194932482,0.6904761904761905,-0.11888977996579296,-1.4656424379909239,-1.4132568049538077,0.44095720996615884,-1.0,-1.0,True,0.24182774435351875,0.3827352489374588
OTU_190652,microbe,5.3269111845,nan,30.870588796720007,nan,0.15079365079365079,nan,2.9812343116746427,nan,3.355467573762253,nan,1.0,nan,False,0.15079365079365087,0.27183429425581906
OTU_191067,microbe,124.1110535,66.456186105,269.94381857084005,114.69069794258002,0.2222222222222222,0.031746031746031744,3.9413606754400186,2.778982269724665,3.257122406083596,2.0783127598288362,1.0,1.0,True,0.04200398548576973,0.1340127155974558
OTU_191274,microbe,5.397125044999999,2.6281902515,5.793753830380002,2.99103836476,0.0119252335930176,0.30952380952380953,-0.40885704733809847,-1.4713321802495023,-0.4756829033624845,-1.371208940380436,-1.0,-1.0,True,0.02436826250135943,0.12245051906933113
OTU_191616,microbe,5.4835395155,3.5543187495,5.964691972820001,3.587424224440001,0.0119252335930176,0.5476190476190477,-0.40885704733809847,-1.4656424379909239,-0.4756829033624845,-0.7080242775889175,-1.0,-1.0,True,0.03938714513419287,0.12666905875156428
OTU_191811,microbe,3.8689282845,2.5945564369999996,4.73845486512,2.6760592050999996,0.0119252335930176,0.5476190476190477,-0.40885704733809847,-1.4656424379909239,-0.4756829033624845,-0.7080242775889175,-1.0,-1.0,True,0.03938714513419287,0.12666905875156428
OTU_192206,microbe,6.553636766,2.6849438075,18.04222678092,4.03639850728,0.031746031746031744,0.15079365079365079,-3.522810570016056,0.5281785468203672,-2.1993301267184697,0.5487337846195173,-1.0,1.0,False,0.030358976820034227,0.12666905875156428
OTU_192342,microbe,0.0,nan,1.0460141760400001,nan,0.14245669739409875,nan,-0.11888977996579296,nan,0.31345012260459487,nan,-1.0,nan,False,0.14245669739409872,0.27183429425581906
OTU_192598,microbe,44.31390434,14.69067116,48.48365567594001,15.331234892740003,0.30952380952380953,0.8412698412698413,3.5661372055281007,0.0905271059144576,1.5763206233588893,-0.43844094513775567,1.0,1.0,True,0.6107683135875269,0.6955491843121411
OTU_193064,microbe,2.120453259,1.8120655934999998,2.52881230264,3.248678779240001,0.0119252335930176,0.5476190476190477,-0.46992405199094206,-1.4656424379909239,-1.4787093742443593,-0.7080242775889175,-1.0,-1.0,True,0.03938714513419287,0.12666905875156428
OTU_193620,microbe,40.54929354,8.2240074975,61.68772204768001,9.263155223340002,0.09523809523809523,0.09523809523809523,2.2758297299290318,-1.9917648547864952,2.797822830713502,-2.2325522085548344,1.0,-1.0,False,0.05172562824786354,0.1486357390142467
OTU_193672,microbe,152.32896119999998,41.5864583,706.9064944081999,164.53075535422,0.023185603494735977,0.011667312343319386,1.9204932391548841,1.9379684361244727,1.6703869129990208,2.7391168087575752,1.0,1.0,True,0.0024928343697260854,0.09219122893063604
OTU_194151,microbe,14.18891131,8.263904547,143.29186093524,45.140804794699996,0.05555555555555555,0.0119252335930176,0.7327873773719866,1.3469004262356306,0.8880883492191661,1.6823243806002777,1.0,1.0,True,0.00551175711281708,0.09219122893063604
OTU_194504,microbe,0.0,7.636559944,5.92157778326,8.186308128859999,0.30952380952380953,1.0,-0.2241606792568332,0.15252331862632945,-0.2958215960434196,0.6614715797150819,-1.0,1.0,False,0.6725086521591385,0.7551633468379152
OTU_194662,microbe,46.834420855000005,22.95393961,45.188905779719995,20.36561464972,0.5476190476190477,0.2222222222222222,-0.11044090829786526,0.41683475564479927,0.2994672955151109,0.7627691370583082,-1.0,1.0,False,0.3780095998941868,0.525812661444509
OTU_194665,microbe,5.4284516455,2.7662176335,7.569763367760004,3.254309313760001,0.0119252335930176,0.8412698412698413,-0.40885704733809847,0.12477684870397361,-0.4756829033624845,-0.0027584647879541763,-1.0,1.0,False,0.05620057793573507,0.1486357390142467
OTU_195189,microbe,21.237829769999998,12.005668499999999,35.68752686174,13.86725032262,1.0,0.2222222222222222,2.336896734581875,0.41683475564479927,0.43700750411062916,1.271123468372924,1.0,1.0,True,0.556461643728061,0.6428091401686222
OTU_196191,microbe,3.919567839,2.1389852065,4.4934520639799995,2.4766245740400006,0.0119252335930176,0.5476190476190477,-0.40885704733809847,-1.4656424379909239,-0.4756829033624845,-0.7080242775889175,-1.0,-1.0,True,0.03938714513419287,0.12666905875156428
OTU_196315,microbe,5.148110732999999,1.9911797625,5.318939026279999,2.325618317520001,0.0119252335930176,0.6904761904761905,-0.40885704733809847,0.41683475564479927,-0.4756829033624845,-0.08560513258782111,-1.0,1.0,False,0.04775337724023522,0.14326013172070567
OTU_197099,microbe,3.799531591,1.9327392935,4.163361116740001,2.02996424024,0.0119252335930176,0.5476190476190477,-0.40885704733809847,-1.4656424379909239,-0.4756829033624845,-0.7080242775889175,-1.0,-1.0,True,0.03938714513419287,0.12666905875156428
OTU_197706,microbe,233.1509581,94.19238419999999,295.4933495528601,103.40077613940001,0.0119252335930176,0.15079365079365079,2.0238059804939166,-0.6726548818565061,2.25977304763463,1.020963729331455,1.0,-1.0,False,0.013164879612405754,0.09570736044220153
OTU_197790,microbe,0.0,0.0,1.6252301732400003,3.2762698641199997,0.0119252335930176,0.5476190476190477,-0.40885704733809847,-1.4656424379909239,-0.4756829033624845,-0.7080242775889175,-1.0,-1.0,True,0.03938714513419287,0.12666905875156428
OTU_197853,microbe,6.7694154399999995,4.249411067,6.603110853640001,4.1854868925,0.15079365079365079,0.5476190476190477,-0.11888977996579296,-1.4656424379909239,0.15876823440107388,-0.7080242775889175,-1.0,-1.0,True,0.2885272128251804,0.43279081923777063
OTU_198194,microbe,23.819120509999998,12.697999915,31.393734997060008,17.203976919700004,0.15079365079365079,0.015873015873015872,2.2887469351899647,1.734674080671472,3.527473671215724,1.486348294366584,1.0,1.0,True,0.016838570852778397,0.10112913369477593
OTU_198209,microbe,5.883329612000001,4.594039246,60.21457247384,23.980860794539993,0.24915263858192682,0.0119252335930176,0.3328952386886754,1.3568419532449794,0.6273188547698424,1.465890536678299,1.0,1.0,True,0.02026000684184449,0.1163503250060212
OTU_198888,microbe,1378.15924,227.5892735,1609.748168559419,253.36904046643997,0.30952380952380953,0.5476190476190477,1.0511778372648481,0.226030190241621,0.796094732839079,0.9881266867140254,1.0,1.0,True,0.47034796104854815,0.6138957153945337
OTU_199137,microbe,15.10088077,8.9118905425,16.485119926700005,8.987314031779997,0.6904761904761905,0.2222222222222222,1.3230107073482973,0.41683475564479927,2.251844474389584,2.0547146221749846,1.0,1.0,True,0.4410533564397985,0.5794230368915
OTU_199268,microbe,nan,1.728993019,nan,8.3546100023,nan,0.09523809523809523,nan,1.0936807596323312,nan,1.8425235091598122,nan,1.0,False,0.0952380952380952,0.20921155347384848
OTU_1995182,microbe,25.362316030000002,7.270355278,137.0664294198,25.565012141279993,0.16660739402832658,0.011667312343319386,-0.11780780248403427,-2.6923254705357462,-0.5169352174633168,-2.474153870925666,-1.0,-1.0,True,0.014079535847426279,0.09929777913448008
OTU_203713,microbe,3761.972673,757.5655379,4555.016626026004,1298.8882625444,0.010417773157830204,0.027328471987604876,-1.1866412317209196,-1.7056211290407488,-1.1569246981938588,-3.2480715888241023,-1.0,-1.0,True,0.0026090269025400583,0.09219122893063604
OTU_206324,microbe,11.510429665,8.3152628005,42.38909500588001,14.09269684632,0.007936507936507936,0.007936507936507936,-4.321639603593258,-2.564556963319589,-4.134108876940972,-3.0100294708558324,-1.0,-1.0,True,0.0006722451381899064,0.09219122893063604
OTU_210262,microbe,3.0019142145,nan,18.2283941707,nan,0.0119252335930176,nan,-0.46992405199094206,nan,-2.206136264578577,nan,-1.0,nan,False,0.011925233593017597,0.09219122893063604
OTU_2119418,microbe,4.344600989,nan,8.681796934600001,nan,0.05555555555555555,nan,-0.7758882888687144,nan,-0.8729148510474453,nan,-1.0,nan,False,0.05555555555555553,0.1486357390142467
OTU_21214,microbe,nan,0.0,nan,0.8399442531,nan,0.42063492063492064,nan,-1.4713321802495023,nan,-0.029108639334322,nan,-1.0,False,0.4206349206349208,0.5674336848833496
OTU_213896,microbe,nan,6.126506389,nan,6.463513949959999,nan,0.8412698412698413,nan,0.11908710644539537,nan,-0.5650078015645421,nan,1.0,False,0.8412698412698412,0.8716249386352478
OTU_214835,microbe,7.7823274305,7.5545652985,9.282432222460002,7.832320193359997,0.0119252335930176,0.8412698412698413,-0.40885704733809847,0.12477684870397361,-0.4756829033624845,2.2999870740146235,-1.0,1.0,False,0.05620057793573507,0.1486357390142467
OTU_214919,microbe,364.83440210000003,61.12344433,995.4737351804002,492.5691840798198,0.011412036386001651,0.010662274714514686,1.8802708997251563,-2.6014867868392804,2.320363431730668,-3.810419026354238,1.0,-1.0,False,0.0012185020024514741,0.09219122893063604
OTU_219154,microbe,1.9482112465,1.355165632,54.828461967139994,11.524494027419998,0.059327060946523506,0.30952380952380953,0.5215687610105127,0.928192032559011,0.6502079230049945,1.0017648247850852,1.0,1.0,True,0.09176812899897953,0.20921155347384848
OTU_22352,microbe,5.287445986,3.4168650025,8.26373334252,4.068259413979999,0.42063492063492064,1.0,1.697484888329888,0.0905271059144576,1.8764021320767101,0.17395855333328303,1.0,1.0,True,0.7849005527790942,0.8347355085111001
OTU_225088,microbe,nan,0.0,nan,0.62922875768,nan,0.8412698412698413,nan,0.12477684870397361,nan,0.46851910461406737,nan,1.0,False,0.8412698412698412,0.8716249386352478
OTU_2251909,microbe,nan,0.0,nan,0.50514581092,nan,0.6904761904761905,nan,-1.4656424379909239,nan,0.44095720996615884,nan,-1.0,False,0.6904761904761905,0.7604696673189824
OTU_228140,microbe,32.114659325,11.50856833,40.98295762998001,12.907974223720005,0.14245669739409875,0.2222222222222222,-0.40885704733809847,0.41683475564479927,0.5930252733702785,0.8142825497468592,-1.0,1.0,False,0.14096231398087566,0.27183429425581906
OTU_2286580,microbe,3.4948140055000003,2.512027877,5.873266772959998,3.11811163002,0.42063492063492064,0.8412698412698413,-0.1799567846186365,1.0301762713648366,0.24711043922669362,-0.37429948838300897,-1.0,1.0,False,0.7214766128400978,0.7902822843643578
OTU_228785,microbe,10.76739778,7.018874674,14.393702204540002,7.2839875213999985,0.14245669739409875,0.8412698412698413,-0.40885704733809847,0.12477684870397361,0.6232462907740718,0.1529642824321961,-1.0,1.0,False,0.3741018717994103,0.5240033186876757
OTU_229452,microbe,3.7043218715,1.9950060244999999,4.0045987582,2.1305749727800007,0.0119252335930176,0.5476190476190477,-0.40885704733809847,-1.4656424379909239,-0.4756829033624845,-0.7080242775889175,-1.0,-1.0,True,0.03938714513419287,0.12666905875156428
OTU_230268,microbe,5.4284516455,8.381342677,5.553287544880001,9.050838120820002,0.0119252335930176,0.5476190476190477,-0.40885704733809847,-1.5481377136529848,-0.4756829033624845,-0.6437047229912745,-1.0,-1.0,True,0.03938714513419287,0.12666905875156428
OTU_233817,microbe,79.59194432,nan,1298.3393036922594,nan,0.0119252335930176,nan,2.8123577577448513,nan,4.286620404278435,nan,1.0,nan,False,0.011925233593017597,0.09219122893063604
OTU_238487,microbe,5.6705384085,4.641543757,6.178565697380002,7.042688221279999,0.14245669739409875,0.5476190476190477,-0.11888977996579296,-1.4656424379909239,0.31345012260459487,-0.7080242775889175,-1.0,-1.0,True,0.27701223734654157,0.4250340435622508
OTU_242298,microbe,0.0,nan,3.37417080054,nan,0.6904761904761905,nan,-0.11044090829786526,nan,3.0641001439725097,nan,-1.0,nan,False,0.6904761904761905,0.7604696673189824
OTU_250270,microbe,nan,0.0,nan,3.0532857153599995,nan,0.5476190476190477,nan,-1.4656424379909239,nan,-0.7080242775889175,nan,-1.0,False,0.5476190476190477,0.6362510322047895
OTU_254446,microbe,nan,2.313644628,nan,8.02044496082,nan,0.2222222222222222,nan,0.8017508197914465,nan,1.187305534850734,nan,1.0,False,0.22222222222222218,0.3573333333333333
OTU_258165,microbe,553.6090017500001,72.26651013,1128.8259614796998,139.25933155860002,0.05555555555555555,0.30952380952380953,1.2413827780163211,-1.2858727217513057,2.039271571402933,-1.5067299803953702,1.0,-1.0,False,0.08706375164462163,0.20348621023917382
OTU_258368,microbe,3.8783912110000003,1.232488444,5.758638544340001,1.7067197346200005,0.15079365079365079,0.5476190476190477,-0.11888977996579296,-1.4656424379909239,0.15876823440107388,-0.7080242775889175,-1.0,-1.0,True,0.2885272128251804,0.43279081923777063
OTU_258423,microbe,0.148684483,1.8984434335,4.00573438222,4.19924735196,0.0119252335930176,0.5476190476190477,-0.40885704733809847,-1.4656424379909239,-0.4756829033624845,-0.7080242775889175,-1.0,-1.0,True,0.03938714513419287,0.12666905875156428
OTU_258522,microbe,1170.584609,49.866887835,1403.0484217639998,71.09070949048002,0.8412698412698413,0.30952380952380953,0.44255558128039163,0.7013279158606556,0.4769536401723396,0.54676099449896,1.0,1.0,True,0.6107683135875269,0.6955491843121411
OTU_258550,microbe,241.5517744,64.55837993,385.7591467732199,108.86955155440005,0.05555555555555555,0.6004018480969686,2.3646905161432876,0.6562174560631044,1.9331945940609765,0.8632915728895623,1.0,1.0,True,0.14678250328635098,0.27183429425581906
OTU_258725,microbe,578.032735,130.5925063,864.5529280934197,181.2307424074,1.0,0.7532980334628383,-0.25889256133687794,0.0,1.5084749285985266,0.6785332129525637,-1.0,0.0,False,0.9667030986962926,0.9788782006949864
OTU_258957,microbe,3.3122789299999997,4.8373502455,7.75317873934,7.9872852212,0.0119252335930176,0.8412698412698413,-0.40885704733809847,0.11908710644539537,-0.4756829033624845,-0.733529778160698,-1.0,1.0,False,0.05620057793573507,0.1486357390142467
OTU_258980,microbe,2.430674813,nan,4.34077435078,nan,0.0119252335930176,nan,-0.40885704733809847,nan,-0.4756829033624845,nan,-1.0,nan,False,0.011925233593017597,0.09219122893063604
OTU_259087,microbe,5.712282402,5.104629272,6.441578351779998,5.8203277798399995,0.6904761904761905,0.05555555555555555,1.7585518929827317,3.209911873424341,1.9142546427180798,1.6773615627847793,1.0,1.0,True,0.16344129740687655,0.2907230157414353
OTU_259132,microbe,3.663797875,nan,5.277297894419999,nan,0.14245669739409875,nan,-0.11888977996579296,nan,1.445008935030151,nan,-1.0,nan,False,0.14245669739409872,0.27183429425581906
OTU_259175,microbe,nan,1.5108652385,nan,1.4396321392399998,nan,0.5476190476190477,nan,-1.4656424379909239,nan,-0.7080242775889175,nan,-1.0,False,0.5476190476190477,0.6362510322047895
OTU_259195,microbe,nan,2.7054945305,nan,3.0083173612200005,nan,0.5476190476190477,nan,-1.4656424379909239,nan,-0.7080242775889175,nan,-1.0,False,0.5476190476190477,0.6362510322047895
OTU_259212,microbe,nan,1.0948686125,nan,10.37931446834,nan,0.2222222222222222,nan,0.9807141149307079,nan,1.5579201472228563,nan,1.0,False,0.22222222222222218,0.3573333333333333
OTU_259293,microbe,4.074998626,2.9166436654999996,15.81153710228,6.274151237499999,0.30952380952380953,0.031746031746031744,-1.2491877822486588,-2.733889196118363,-1.0650511865807268,-2.0801970205870703,-1.0,-1.0,True,0.0552495854017343,0.1486357390142467
OTU_259504,microbe,81.672132095,36.41355507,121.57255051246,34.65247577633999,0.8412698412698413,0.8412698412698413,1.2619437026954539,0.11908710644539537,1.968655625276497,-0.2617408157099161,1.0,1.0,True,0.952388743394258,0.9668188758699287
OTU_259506,microbe,3.788158859,2.1389852065,4.39653033702,2.5695175849600003,0.0119252335930176,0.5476190476190477,-0.40885704733809847,-1.4656424379909239,-0.4756829033624845,-0.7080242775889175,-1.0,-1.0,True,0.03938714513419287,0.12666905875156428
OTU_259511,microbe,485.6721891,51.900132694999996,824.2616585679802,83.72386473990002,0.2948019919337048,0.5476190476190477,0.8783678324726772,0.3037520051099973,0.919167562518883,0.451742540770798,1.0,1.0,True,0.45584400653785573,0.596903226802013
OTU_259556,microbe,103.1288812,15.830605925,130.14250750068,18.5199553177,0.15079365079365079,0.30952380952380953,5.884161178041143,1.7145745467131543,5.027296872005851,1.503711172920488,1.0,1.0,True,0.1897103377902299,0.3273113982475211
OTU_259631,microbe,0.0,0.0,4.44016124708,1.08095278186,0.0119252335930176,0.05555555555555555,-0.40885704733809847,-3.582184141481393,-0.4756829033624845,-2.7256280925395657,-1.0,-1.0,True,0.00551175711281708,0.09219122893063604
OTU_259820,microbe,3.8736551695,nan,7.102991763740001,nan,0.0119252335930176,nan,-0.40885704733809847,nan,-0.4756829033624845,nan,-1.0,nan,False,0.011925233593017597,0.09219122893063604
OTU_259884,microbe,5.876661202999999,4.1341419485,5.842197525880001,4.10977625518,0.15079365079365079,0.2222222222222222,-0.11888977996579296,0.41683475564479927,0.28487062078078196,0.6871099991267265,-1.0,1.0,False,0.1473059720752468,0.27183429425581906
OTU_259983,microbe,6.2171093235,6.4784717785,10.727406548700001,9.12549711788,0.6904761904761905,0.2222222222222222,-0.11044090829786526,0.41683475564479927,1.4199514176873889,1.983425001994142,-1.0,1.0,False,0.4410533564397985,0.5794230368915
OTU_259993,microbe,16.086194965,7.034466724,101.13508243128001,25.17013124834,0.13013368168806855,0.011159425282914755,-0.6617748073454084,-2.2329495743291887,-0.6505054173265381,-2.1284800315726775,-1.0,-1.0,True,0.010941967678459546,0.09219122893063604
OTU_260156,microbe,3.507665286,3.406820048,4.46067402674,3.5670130846399997,0.14245669739409875,0.5476190476190477,-0.40885704733809847,-1.4656424379909239,0.6232462907740718,-0.7080242775889175,-1.0,-1.0,True,0.27701223734654157,0.4250340435622508
OTU_260553,microbe,nan,1.7550706315,nan,1.7822846321400008,nan,0.8412698412698413,nan,0.12477684870397361,nan,-0.0027584647879541763,nan,1.0,False,0.8412698412698412,0.8716249386352478
OTU_260679,microbe,0.435224657,nan,11.758311385079999,nan,0.0119252335930176,nan,-0.40885704733809847,nan,-0.4756829033624845,nan,-1.0,nan,False,0.011925233593017597,0.09219122893063604
OTU_260828,microbe,nan,2.5368825189999997,nan,3.1244967654000004,nan,0.015873015873015872,nan,1.734674080671472,nan,1.794023087129397,nan,1.0,False,0.015873015873015872,0.10112913369477593
OTU_261016,microbe,19.950038380000002,11.207298965,26.53611375,15.933184001180003,0.09523809523809523,0.015873015873015872,4.050684904566077,2.6748831772374424,2.842104052788491,2.754613223396722,1.0,1.0,True,0.011329569136137582,0.09219122893063604
OTU_261132,microbe,8.684250223500001,5.006799574,11.737620922699996,5.888630666379999,0.0119252335930176,0.5476190476190477,-0.40885704733809847,-1.4656424379909239,-0.4756829033624845,-0.7080242775889175,-1.0,-1.0,True,0.03938714513419287,0.12666905875156428
OTU_261142,microbe,5.446128784,2.634110496,6.540227916660001,3.21721441824,0.0119252335930176,0.5476190476190477,-0.40885704733809847,-1.4656424379909239,-0.4756829033624845,-0.7080242775889175,-1.0,-1.0,True,0.03938714513419287,0.12666905875156428
OTU_261365,microbe,34.09568301,10.713851445,40.88083141504001,15.220418454819999,0.14245669739409875,1.0,-0.11888977996579296,0.12477684870397361,0.31345012260459487,-0.48678068063371627,-1.0,1.0,False,0.420064514344079,0.5674336848833496
OTU_261373,microbe,0.0,0.0,1.3016429076999998,0.35707597088,0.0119252335930176,0.5476190476190477,-0.5141279466291389,-1.4656424379909239,-2.0082421188193065,-0.7080242775889175,-1.0,-1.0,True,0.03938714513419287,0.12666905875156428
OTU_261590,microbe,1804.3774875,294.5813822,6038.044143480599,1706.2405067377997,0.009467354390313716,0.06519641907812998,4.206026236161983,5.099343623351149,3.561412665162426,1.5800798164294492,1.0,1.0,True,0.005178781829658606,0.09219122893063604
OTU_262095,microbe,185.0251354,33.932851975000005,255.47876597160007,37.24185622723999,1.0,0.059327060946523506,0.28228061433489693,2.770282999477667,-0.5856360422670985,2.0011204574518358,1.0,1.0,True,0.22690760114816458,0.36341376757594485
OTU_262104,microbe,3.3626688615,2.4900460435,7.674620798419998,5.161877522000001,0.0119252335930176,0.5476190476190477,-0.40885704733809847,-1.4656424379909239,-0.4756829033624845,-0.7080242775889175,-1.0,-1.0,True,0.03938714513419287,0.12666905875156428
OTU_262272,microbe,0.0,74.878362575,6.1383211928,74.31016180164002,0.0119252335930176,0.05555555555555555,-3.7680177179142382,4.417660380883337,-4.482576541417402,3.9739028311231777,-1.0,1.0,False,0.00551175711281708,0.09219122893063604
OTU_262633,microbe,3.489444282,2.458263178,8.208285032940001,5.18148683966,1.0,0.09523809523809523,1.3230107073482973,2.3156781164101883,-0.49855302994343464,1.1210683549181817,1.0,1.0,True,0.31917859592033115,0.46154602719414795
OTU_262766,microbe,4.4339911385,3.026302209,5.953163150879998,3.41490716202,0.42063492063492064,0.15079365079365079,-0.17150791295070877,2.073313125391356,-0.03195006715168708,1.3810154581011638,-1.0,1.0,False,0.2383558674497785,0.3787314573707943
OTU_262917,microbe,nan,66.456186105,nan,142.92840304822,nan,1.0,nan,-0.19025519407317412,nan,1.5338464369764635,nan,-1.0,False,1.0,1.0
OTU_263138,microbe,5.7949218715,7.0787342375,8.863184279220004,7.832788816160001,0.0119252335930176,0.015873015873015872,-0.40885704733809847,1.3969583110573105,-0.4756829033624845,1.4570735097043466,-1.0,1.0,False,0.0018119225248682067,0.09219122893063604
OTU_263337,microbe,19.506277235,11.94760954,18.274873698359997,11.222286596460004,0.15079365079365079,0.5476190476190477,-0.11888977996579296,-1.4656424379909239,0.938100634780608,-0.7080242775889175,-1.0,-1.0,True,0.2885272128251804,0.43279081923777063
OTU_263546,microbe,15.764380285000001,0.028601503,44.008200757640004,1.9562731782800002,0.6751736149271245,0.5476190476190477,-0.40885704733809847,-1.4656424379909239,1.2200930843379396,-0.7080242775889175,-1.0,-1.0,True,0.737612686584203,0.797431346622228
OTU_263731,microbe,4.8204428645,8.9471778095,6.050930003500002,9.114783997859998,0.09523809523809523,0.2222222222222222,-0.1799567846186365,0.41683475564479927,-0.7641642393679631,0.7141009073695743,-1.0,1.0,False,0.10276090272888364,0.22090846468989958
OTU_263828,microbe,nan,2.7054945305,nan,2.91002061112,nan,0.5476190476190477,nan,-1.4656424379909239,nan,-0.7080242775889175,nan,-1.0,False,0.5476190476190477,0.6362510322047895
OTU_263933,microbe,60.037014285,68.35399228,75.44132803408,66.31715409672,1.0,0.2222222222222222,-0.3070423607287885,2.291020111202762,0.25853935373030107,1.1728597491187545,-1.0,1.0,False,0.556461643728061,0.6428091401686222
OTU_263957,microbe,4.8950400875,2.5897336565,5.5023850192,3.7174708064,0.42063492063492064,0.8412698412698413,-0.11044090829786526,2.34257189373209,0.07633952184134545,1.5587884979976268,-1.0,1.0,False,0.7214766128400978,0.7902822843643578
OTU_263977,microbe,60.80876317,49.866887835,87.55350992951999,54.12523303152001,0.0119252335930176,0.30952380952380953,-0.46992405199094206,0.9971608345948669,-1.909317416504235,0.8265662464064748,-1.0,1.0,False,0.02436826250135943,0.12245051906933113
OTU_264155,microbe,1.6346187085000001,1.7463964745,1.6371746926600002,1.9798884279400004,0.0119252335930176,0.5476190476190477,-0.40885704733809847,-1.4656424379909239,-0.4756829033624845,-0.7080242775889175,-1.0,-1.0,True,0.03938714513419287,0.12666905875156428
OTU_264225,microbe,9.326914476,5.563211856000001,9.428279033340003,5.70465834806,0.0119252335930176,0.5476190476190477,-0.40885704733809847,-1.4656424379909239,-0.4756829033624845,-0.7080242775889175,-1.0,-1.0,True,0.03938714513419287,0.12666905875156428
OTU_264294,microbe,4.3944519285000005,2.695289423,5.044993503080001,3.6518463390999996,0.0119252335930176,0.8412698412698413,-0.40885704733809847,0.12477684870397361,-0.4756829033624845,-0.0027584647879541763,-1.0,1.0,False,0.05620057793573507,0.1486357390142467
OTU_264586,microbe,11.202758115,5.868849848,11.792930808540001,6.23767296062,0.6904761904761905,0.5476190476190477,2.336896734581875,-1.4656424379909239,1.9450555655041457,-0.7080242775889175,1.0,-1.0,False,0.7458561849003924,0.797431346622228
OTU_264734,microbe,2.926933975,2.8286605424999998,9.790298438140002,5.372032504,0.031746031746031744,0.09523809523809523,-2.4875422837088257,-1.5626388288047472,-1.8813194717858488,-1.2382978640725242,-1.0,-1.0,True,0.020563455186681977,0.11642970401473457
OTU_264846,microbe,8.737080147499999,7.5348659145,12.355550887699998,9.84416245922,0.2222222222222222,0.015873015873015872,3.37444022907654,3.7447870673362837,2.5033240082937334,3.7865420716807514,1.0,1.0,True,0.023446956342743595,0.12245051906933113
OTU_265011,microbe,14.669009845000001,2.443092677,20.082217493700004,4.24806302218,0.0119252335930176,0.5476190476190477,-0.46992405199094206,-1.4656424379909239,-1.3986153771315213,-0.7080242775889175,-1.0,-1.0,True,0.03938714513419287,0.12666905875156428
OTU_265280,microbe,10.205574635,5.480053073,12.582651705939998,5.806818592959998,0.6751736149271245,0.30952380952380953,-0.11888977996579296,-1.4713321802495023,1.5666516646562547,-1.5874742054121598,-1.0,-1.0,True,0.53614530063282,0.6362510322047895
OTU_265363,microbe,3.8465940400000003,1.9841409579999998,4.1493560641,2.36426860774,0.0119252335930176,0.8412698412698413,-0.40885704733809847,0.12477684870397361,-0.4756829033624845,0.9544758099622853,-1.0,1.0,False,0.05620057793573507,0.1486357390142467
OTU_265563,microbe,4.9380472685,3.7352802699999996,8.344657419379999,4.335280008140001,0.15079365079365079,1.0,3.24736694837131,0.6765429271231037,3.3706016258871276,0.1608687540822749,1.0,1.0,True,0.43607155260250585,0.5794230368915
OTU_2658058,microbe,4.0419542625,2.695289423,40.55090624962,11.12481877978,0.09068836617120415,0.42063492063492064,0.33933691620144624,0.7956416651504084,1.0007811729030154,1.2851365528648584,1.0,1.0,True,0.1627458569804616,0.2907230157414353
OTU_265912,microbe,9.977649021,5.21146228,14.89866078494,6.9917789169,0.6904761904761905,0.6904761904761905,-0.11044090829786526,0.41683475564479927,0.930255768267894,0.8421946019607671,-1.0,1.0,False,0.8299142357796917,0.8716249386352478
OTU_265940,microbe,0.0,nan,16.570952435779997,nan,0.0119252335930176,nan,-0.40885704733809847,nan,-0.4756829033624845,nan,-1.0,nan,False,0.011925233593017597,0.09219122893063604
OTU_265992,microbe,nan,0.0,nan,1.6609398339800001,nan,0.30952380952380953,nan,-1.4713321802495023,nan,-1.371208940380436,nan,-1.0,False,0.30952380952380965,0.4541188738269032
OTU_266091,microbe,107.508126,55.12003194,115.77763171927998,54.769536081100014,0.30952380952380953,0.42063492063492064,3.9413606754400186,0.5726431670144252,2.324682975348445,0.8041022164844628,1.0,1.0,True,0.39562950966711996,0.539129026732821
OTU_266343,microbe,71.293575225,27.77817648,77.24630433850001,28.414116153199995,0.14245669739409875,0.8412698412698413,-0.2241606792568332,0.12477684870397361,0.14376538790669022,3.211285508915759,-1.0,1.0,False,0.3741018717994103,0.5240033186876757
OTU_266411,microbe,65.801223575,47.8213347,80.90196629984001,45.733285628059996,0.031746031746031744,0.8412698412698413,-2.567150986258928,0.11908710644539537,-1.8597543897832542,-0.4948311954420701,-1.0,1.0,False,0.12346183371608106,0.26121924817823466
OTU_266583,microbe,3.9315027354999996,nan,4.196101373359999,nan,0.0119252335930176,nan,-0.40885704733809847,nan,-0.4756829033624845,nan,-1.0,nan,False,0.011925233593017597,0.09219122893063604
OTU_266896,microbe,3.4162112325000002,nan,5.38188791628,nan,0.09523809523809523,nan,-0.1799567846186365,nan,-0.2535232696744468,nan,-1.0,nan,False,0.0952380952380952,0.20921155347384848
OTU_266935,microbe,4.398995031,nan,11.74390090334,nan,0.2222222222222222,nan,-1.349792878020774,nan,-1.610874484694734,nan,-1.0,nan,False,0.22222222222222218,0.3573333333333333
OTU_266946,microbe,11.99125087,10.08277615,17.26186317256,15.701201727120003,0.031746031746031744,0.031746031746031744,3.776105069282231,3.052339400281177,2.1428546913928375,2.2990394921447024,1.0,1.0,True,0.007961678096914256,0.09219122893063604
OTU_267042,microbe,21.587842205,22.419774439999998,28.898878646320004,28.852123447279997,0.6904761904761905,0.5476190476190477,-1.272778588570456,0.19440283785542414,-0.385828707837469,0.8933695091995012,-1.0,1.0,False,0.7458561849003924,0.797431346622228
OTU_267124,microbe,nan,1.8120655934999998,nan,1.8600532316599998,nan,0.5476190476190477,nan,-1.4656424379909239,nan,-0.7080242775889175,nan,-1.0,False,0.5476190476190477,0.6362510322047895
OTU_267411,microbe,105.3185036,19.477193264999997,106.73190184897997,18.97234665084001,0.834035229790992,0.2222222222222222,-0.8172448383215292,1.3507941788365998,-0.023496771442520208,0.2632955575808815,-1.0,1.0,False,0.49774426146252027,0.6362510322047895
OTU_267478,microbe,8.399577063999999,5.024445935,9.726495230180005,4.972280239919999,0.6904761904761905,0.8412698412698413,1.7757631967632883,0.12477684870397361,1.700306245742911,0.2594840522054161,1.0,1.0,True,0.8964187135096375,0.9192865378338629
OTU_267717,microbe,nan,2.0266633605,nan,2.27247311768,nan,0.5476190476190477,nan,-1.4656424379909239,nan,-0.7080242775889175,nan,-1.0,False,0.5476190476190477,0.6362510322047895
OTU_267996,microbe,4.933826646,3.4042749205,5.8398566256599995,4.085272226580001,0.6904761904761905,0.015873015873015872,1.7585518929827317,1.734674080671472,2.109805618214277,1.8884499816026459,1.0,1.0,True,0.060427719926668316,0.15182464631575412
OTU_268063,microbe,9.492229754,4.7571697545,11.953729161220002,6.09553655024,0.0119252335930176,0.5476190476190477,-0.40885704733809847,-1.4656424379909239,-0.4756829033624845,-0.7080242775889175,-1.0,-1.0,True,0.03938714513419287,0.12666905875156428
OTU_268074,microbe,nan,1.767797239,nan,8.16876232064,nan,0.09523809523809523,nan,1.5864015186131086,nan,1.6574984568707587,nan,1.0,False,0.0952380952380952,0.20921155347384848
OTU_268220,microbe,3.2361963955000004,0.0,163.17881454519997,2.56410109638,0.0119252335930176,0.15079365079365079,-0.40885704733809847,-1.7919500877212655,-0.4756829033624845,-3.9952061817703957,-1.0,-1.0,True,0.013164879612405754,0.09570736044220153
OTU_268297,microbe,nan,3.899069333,nan,4.420767710480001,nan,0.09523809523809523,nan,1.365847332549349,nan,1.3689625110688517,nan,1.0,False,0.0952380952380952,0.20921155347384848
OTU_268492,microbe,5.249284597,3.934756285,6.559242448260001,5.298592600839999,0.0119252335930176,0.5476190476190477,-0.40885704733809847,-1.4656424379909239,-0.4756829033624845,-0.7080242775889175,-1.0,-1.0,True,0.03938714513419287,0.12666905875156428
OTU_268720,microbe,14.18049877,3.3256977570000004,18.17576790538,3.9468016616599995,0.30952380952380953,0.031746031746031744,-0.21571180758890546,-3.594922454621931,-0.3743250632457301,-2.8091188150067903,-1.0,-1.0,True,0.0552495854017343,0.1486357390142467
OTU_268733,microbe,485.6721891,239.07771839999998,2126.4846578499796,454.063961793,0.2888443663464849,0.3382688788696866,0.5731749394170933,1.915970824829599,2.0532575467164116,0.3993239843287025,1.0,1.0,True,0.3249523286442073,0.4682108821325138
OTU_269037,microbe,3.8229471750000004,1.972183303,4.08890754768,2.3462282407999995,0.0119252335930176,0.5476190476190477,-0.40885704733809847,-1.4656424379909239,-0.4756829033624845,-0.7080242775889175,-1.0,-1.0,True,0.03938714513419287,0.12666905875156428
OTU_269070,microbe,84.341259605,32.771256980000004,83.83060084706,35.012829898319985,0.6904761904761905,0.42063492063492064,2.4104116548497516,1.8552583857628833,1.6016158256867514,0.8846406706226069,1.0,1.0,True,0.649525913164614,0.7355194847666897
OTU_269091,microbe,nan,2.745715401,nan,3.1985931493799997,nan,0.015873015873015872,nan,1.616456929413916,nan,1.8130916262747812,nan,1.0,False,0.015873015873015872,0.10112913369477593
OTU_269532,microbe,36.773023394999996,45.152067485,141.79975852703998,47.28554991745998,0.059327060946523506,0.8412698412698413,-0.5141279466291389,-0.745004628682542,-0.9128887759114779,-0.19278796942763374,-1.0,-1.0,True,0.19951711799526703,0.3427601770687921
OTU_269886,microbe,355.79380635,204.5776364,503.73987858398004,265.50605431371997,0.031746031746031744,0.42063492063492064,3.331141629357699,-0.01845047533029435,2.8414997627102396,-0.7217715608294569,1.0,-1.0,False,0.07098685048607711,0.1729497811842606
OTU_270200,microbe,6.8403159344999995,4.5484471065,76.8298013785,26.82832044482,0.021176657854316622,0.0119252335930176,1.4367054271064919,1.2546164029888545,1.252545385681453,1.695173379684912,1.0,1.0,True,0.002344538201648588,0.09219122893063604
OTU_270382,microbe,3.7625257715,2.6849438075,32.42243415114,12.15326543706,0.6004018480969686,0.031746031746031744,0.0,1.8509551066797796,0.38753185829897896,1.475599816067084,0.0,1.0,False,0.09454220356999953,0.20921155347384848
OTU_270396,microbe,19.79315368,23.603319655,31.91451609077999,22.82408065098,0.6904761904761905,0.2222222222222222,-0.11888977996579296,1.3507941788365998,2.4997747176733895,0.47427427922935383,-1.0,1.0,False,0.4410533564397985,0.5794230368915
OTU_271602,microbe,0.0,7.7197677165,6.1409344285000005,10.76958450446,0.0119252335930176,0.15079365079365079,-0.40885704733809847,-3.458907491368799,-0.4756829033624845,-2.2893260253603,-1.0,-1.0,True,0.013164879612405754,0.09570736044220153
OTU_271822,microbe,35.158783889999995,13.05654929,34.05377310212,12.734814720140005,0.6904761904761905,0.30952380952380953,1.3230107073482973,-1.4656424379909239,1.3140579923190328,-1.4302534964501983,1.0,-1.0,False,0.5435070615180045,0.6362510322047895
OTU_271866,microbe,233.1509581,56.406995984999995,299.65881471223986,64.69155115772,0.15079365079365079,0.5476190476190477,3.153055304309244,-1.6768224624992154,2.4533406245933733,-0.7673441199590195,1.0,-1.0,False,0.2885272128251804,0.43279081923777063
OTU_272092,microbe,8.568399598,6.586518164999999,14.13593111322,8.69336654584,0.0119252335930176,0.5476190476190477,-0.40885704733809847,-1.4656424379909239,-0.4756829033624845,-0.7080242775889175,-1.0,-1.0,True,0.03938714513419287,0.12666905875156428
OTU_272619,microbe,3.3317203375,nan,3.5789280301800006,nan,0.0119252335930176,nan,-0.40885704733809847,nan,-0.4756829033624845,nan,-1.0,nan,False,0.011925233593017597,0.09219122893063604
OTU_272758,microbe,3.663797875,1.944208134,3.9828036681199994,2.04468579994,0.0119252335930176,0.30952380952380953,-0.40885704733809847,-1.4713321802495023,-0.4756829033624845,-1.437466277217841,-1.0,-1.0,True,0.02436826250135943,0.12245051906933113
OTU_272889,microbe,3.4162112325000002,2.6424382855,4.207347921160001,3.01581512572,0.0119252335930176,0.5476190476190477,-0.40885704733809847,-1.4656424379909239,-0.4756829033624845,-0.7080242775889175,-1.0,-1.0,True,0.03938714513419287,0.12666905875156428
OTU_272953,microbe,10.20545835,5.2728509735,10.143024100780002,5.173860772920001,0.0936926194932482,0.30952380952380953,-0.40885704733809847,-1.4713321802495023,-0.3735719803895473,-1.437466277217841,-1.0,-1.0,True,0.13167366570979985,0.27183429425581906
OTU_273043,microbe,10.17745748,7.538255539,14.137020739899999,9.251144009979999,0.6751736149271245,0.15079365079365079,3.9413606754400186,3.1144510425938328,2.056609806825018,2.001276998258041,1.0,1.0,True,0.334414233583942,0.4784146686859242
OTU_273364,microbe,11.914675315,7.248772168,19.076062864060006,9.25157372552,0.6904761904761905,0.015873015873015872,2.4538176126085167,2.6663003851584395,3.1453075923818363,3.160151099091088,1.0,1.0,True,0.060427719926668316,0.15182464631575412
OTU_273737,microbe,10.788510865,7.4660446789999995,11.05199267794,7.36448735704,0.0119252335930176,0.30952380952380953,-0.40885704733809847,-1.4713321802495023,-0.4756829033624845,-1.4259963615856557,-1.0,-1.0,True,0.02436826250135943,0.12245051906933113
OTU_273967,microbe,51.76749244,14.69067116,50.449513374480006,15.198726407120002,0.30952380952380953,0.05555555555555555,-2.5587021145910005,2.515018548591229,0.6420832089470538,2.5109375977769686,-1.0,1.0,False,0.08706375164462163,0.20348621023917382
OTU_274422,microbe,nan,1.4179515610000002,nan,6.35169512748,nan,0.30952380952380953,nan,0.3484639981725073,nan,1.3008003844179297,nan,1.0,False,0.30952380952380965,0.4541188738269032
OTU_274599,microbe,nan,2.2395814195000003,nan,2.6118940977,nan,0.5476190476190477,nan,-1.4656424379909239,nan,-0.7080242775889175,nan,-1.0,False,0.5476190476190477,0.6362510322047895
OTU_275218,microbe,58.179767215,18.973125035,57.905511413660015,16.94370546534,0.14123816388881966,0.5476190476190477,-0.5141279466291389,-1.4656424379909239,0.6941152804544712,-0.7080242775889175,-1.0,-1.0,True,0.2753071846312162,0.4250340435622508
OTU_275423,microbe,nan,3.4973402855,nan,3.716757075999999,nan,0.8412698412698413,nan,0.12477684870397361,nan,0.1529642824321961,nan,1.0,False,0.8412698412698412,0.8716249386352478
OTU_275759,microbe,0.0,0.0,5.750300623179999,1.69573095926,0.031746031746031744,0.5476190476190477,3.37444022907654,0.9971608345948669,2.1360468177526766,0.7395930885535874,1.0,1.0,True,0.08783049720957935,0.204091675596826
OTU_277208,microbe,6.444761723,5.2260706525,6.447918255120003,5.0214255880800005,0.15079365079365079,0.8412698412698413,-0.11888977996579296,0.12477684870397361,0.15876823440107388,0.39570795027564687,-1.0,1.0,False,0.3887803654332097,0.5315976425311235
OTU_277588,microbe,nan,2.5945564369999996,nan,2.6712406015,nan,0.5476190476190477,nan,-1.4656424379909239,nan,-0.7080242775889175,nan,-1.0,False,0.5476190476190477,0.6362510322047895
OTU_2783438,microbe,nan,0.0,nan,0.32046711384000004,nan,0.5476190476190477,nan,-1.4656424379909239,nan,-0.7080242775889175,nan,-1.0,False,0.5476190476190477,0.6362510322047895
OTU_278440,microbe,11.07839246,5.9931836255,15.010020879059999,6.603318156800002,0.6904761904761905,0.5476190476190477,1.3230107073482973,-1.4656424379909239,1.1080937108281197,-0.7080242775889175,1.0,-1.0,False,0.7458561849003924,0.797431346622228
OTU_28246,microbe,0.0,0.0,8.02029370964,2.08933755642,0.05555555555555555,0.30952380952380953,3.54903891926683,0.1263973874913473,2.3104723519662222,0.8236889822481259,1.0,1.0,True,0.08706375164462163,0.20348621023917382
OTU_2883968,microbe,3.4162112325000002,nan,6.526752807780002,nan,0.0119252335930176,nan,-0.40885704733809847,nan,-0.4756829033624845,nan,-1.0,nan,False,0.011925233593017597,0.09219122893063604
OTU_288680,microbe,0.0,0.0,3.63263293842,3.1059847678200003,0.03614514204656228,0.05555555555555555,-2.567150986258928,-1.572034140130665,-2.504217804297327,-1.3697073669061306,-1.0,-1.0,True,0.014479311127072415,0.1003566047083295
OTU_289293,microbe,nan,0.0,nan,0.34898924548,nan,0.5476190476190477,nan,-1.4656424379909239,nan,-0.7080242775889175,nan,-1.0,False,0.5476190476190477,0.6362510322047895
OTU_2897332,microbe,25.04783127,11.622085115,32.78301151116001,13.19155061752,0.834035229790992,0.5476190476190477,0.8397179378106303,0.1494448158036012,0.8737173807902396,0.727736441086063,1.0,1.0,True,0.8146551477746554,0.8628151403069219
OTU_289748,microbe,0.0,nan,4.9514514453,nan,0.8412698412698413,nan,1.5699493633187627,nan,-0.17677962416225526,nan,1.0,nan,False,0.8412698412698412,0.8716249386352478
OTU_2901246,microbe,7.699407833,4.892068269499999,7.573965384000003,5.306231642399999,0.6904761904761905,0.015873015873015872,-0.11044090829786526,1.734674080671472,0.7066911576105057,1.6606087119497617,-1.0,1.0,False,0.060427719926668316,0.15182464631575412
OTU_291510,microbe,0.0,0.0,1.72835214796,1.0778565289800002,0.14245669739409875,0.15079365079365079,-0.40885704733809847,-1.968880369440041,0.14191869403266902,-1.7066753615845762,-1.0,-1.0,True,0.10398280941801304,0.22116978511132931
OTU_297143,microbe,3.519432128,2.16751315,32.076787670120005,12.55906496844,0.24915263858192682,0.031746031746031744,0.5984303752438085,1.6574858231015959,0.800700709520859,1.8537428527065842,1.0,1.0,True,0.04618955429761997,0.14326013172070567
OTU_299474,microbe,nan,1.2471019385000002,nan,6.23095671562,nan,0.2222222222222222,nan,0.5678390858734703,nan,0.9513968651933185,nan,1.0,False,0.22222222222222218,0.3573333333333333
OTU_299687,microbe,0.0,0.0,5.623743812520001,0.46208390592,1.0,0.30952380952380953,2.2276799305371213,-1.4713321802495023,0.02907149589223158,-1.371208940380436,1.0,-1.0,False,0.6725086521591385,0.7551633468379152
OTU_300662,microbe,3.8465940400000003,3.428553236,6.53940422038,4.57955914872,0.14245669739409875,0.2222222222222222,-2.8571182536312336,-2.8491573642127817,-0.6119149218693309,-1.2984877897391973,-1.0,-1.0,True,0.14096231398087566,0.27183429425581906
OTU_304080,microbe,nan,1.894627117,nan,1.9157977352200002,nan,0.5476190476190477,nan,-1.4656424379909239,nan,-0.7080242775889175,nan,-1.0,False,0.5476190476190477,0.6362510322047895
OTU_305177,microbe,16.395663065,5.1930544595,23.9936095924,8.0735145625,0.6904761904761905,0.8412698412698413,-0.11044090829786526,0.11908710644539537,3.1768648577982255,-0.9538209285168463,-1.0,1.0,False,0.8964187135096375,0.9192865378338629
OTU_307608,microbe,5.9196676870000005,4.240924528,6.690602114480002,4.4959614289599985,0.0119252335930176,0.8412698412698413,-0.40885704733809847,0.12477684870397361,-0.4756829033624845,1.0954762689298632,-1.0,1.0,False,0.05620057793573507,0.1486357390142467
OTU_308544,microbe,nan,2.891130058,nan,5.523740759260002,nan,0.09523809523809523,nan,-1.2291106362293613,nan,-1.1793977493704884,nan,-1.0,False,0.0952380952380952,0.20921155347384848
OTU_309441,microbe,9.753687305,0.004936729,16.08639453026,4.91002007658,0.6904761904761905,0.09523809523809523,1.9579813627032066,-4.226547553858243,1.8684527243516351,-3.3173681289138446,1.0,-1.0,False,0.2447408669350358,0.38431964260892343
OTU_309916,microbe,11.188509620000001,6.9393125215,17.482673595079994,10.2535733783,0.2222222222222222,0.015873015873015872,4.4547735532297805,3.440758692324174,2.9678697144881667,3.7869135307724835,1.0,1.0,True,0.023446956342743595,0.12245051906933113
OTU_3146792,microbe,nan,3.050945526,nan,5.93170014384,nan,0.14123816388881966,nan,-0.7684008339922266,nan,-0.4748126839004727,nan,-1.0,False,0.14123816388881966,0.27183429425581906
OTU_316321,microbe,0.0,0.0,2.1858861723599996,2.6150482980600005,0.2222222222222222,0.30952380952380953,-0.17150791295070877,0.3775994244343062,-0.5880905818851637,0.8708968239665723,-1.0,1.0,False,0.25290142618399664,0.3940557105657622
OTU_317633,microbe,32.382676325,17.14189544,33.79696897602,16.807244638880004,0.14245669739409875,0.8412698412698413,-0.40885704733809847,0.12477684870397361,1.1759934578281315,0.45623126828682226,-1.0,1.0,False,0.3741018717994103,0.5240033186876757
OTU_318370,microbe,10.20545835,11.92013521,14.64537423158,13.708213792760008,0.0936926194932482,0.2222222222222222,-0.1799567846186365,0.41683475564479927,-2.1298778960345044,0.8080626330534881,-1.0,1.0,False,0.10143398794070374,0.2204133143360157
OTU_318503,microbe,35.4678981,14.484104980000001,33.13088981514001,13.18115584594,0.15079365079365079,0.015873015873015872,-0.11888977996579296,1.8077490115603725,2.0871248409339747,1.4261835368099396,-1.0,1.0,False,0.016838570852778397,0.10112913369477593
OTU_320249,microbe,5.226943867999999,6.4699183765,5.678868275420001,6.391769246059999,0.0119252335930176,0.5476190476190477,-0.40885704733809847,-1.4656424379909239,-0.4756829033624845,-0.7080242775889175,-1.0,-1.0,True,0.03938714513419287,0.12666905875156428
OTU_321484,microbe,3.3122789299999997,nan,3.84724981376,nan,0.0119252335930176,nan,-0.40885704733809847,nan,-0.4756829033624845,nan,-1.0,nan,False,0.011925233593017597,0.09219122893063604
OTU_321809,microbe,8.81503688,6.190320737,10.526753779319996,6.161692765259999,0.0936926194932482,0.5476190476190477,-0.11888977996579296,-0.20153080102636778,-0.7967132828785322,-0.7349113623558033,-1.0,-1.0,True,0.20368766340572209,0.3484359178259587
OTU_324013,microbe,21.67969603,15.952803755,80.60817022769999,26.27720581272,0.011667312343319386,0.0119252335930176,-1.2984215972598963,-2.153783073397335,-1.8286598665541458,-2.3989035898693265,-1.0,-1.0,True,0.0013746667401466509,0.09219122893063604
OTU_324888,microbe,3.5864140015,1.7214131755,19.70249069972,8.117710996899998,0.15079365079365079,0.007936507936507936,-1.6655895354255674,-3.663124799678708,-1.1326325638896526,-3.5643188724829615,-1.0,-1.0,True,0.009248826647769829,0.09219122893063604
OTU_325027,microbe,nan,0.0,nan,0.32046711384000004,nan,0.5476190476190477,nan,-1.4656424379909239,nan,-0.7080242775889175,nan,-1.0,False,0.5476190476190477,0.6362510322047895
OTU_325918,microbe,nan,0.004936729,nan,6.834176325199999,nan,0.0119252335930176,nan,-4.5216834339400656,nan,-4.037305453956773,nan,-1.0,False,0.011925233593017597,0.09219122893063604
OTU_328905,microbe,4.8960302895000005,2.7514692304999997,4.92041534456,2.9539413814799995,0.15079365079365079,0.5476190476190477,-0.11888977996579296,-1.4656424379909239,0.28487062078078196,-0.7080242775889175,-1.0,-1.0,True,0.2885272128251804,0.43279081923777063
OTU_330296,microbe,nan,0.6682042935,nan,1.9039629536199998,nan,0.5476190476190477,nan,-1.4656424379909239,nan,-0.7080242775889175,nan,-1.0,False,0.5476190476190477,0.6362510322047895
OTU_331013,microbe,10.04233967,11.46265556,11.29345336002,11.752879847860005,0.0119252335930176,0.5476190476190477,-0.40885704733809847,-1.4656424379909239,-0.4756829033624845,-0.7080242775889175,-1.0,-1.0,True,0.03938714513419287,0.12666905875156428
OTU_333351,microbe,1.9136453675,nan,4.28175339616,nan,0.14245669739409875,nan,-0.40885704733809847,nan,0.06583005234500437,nan,-1.0,nan,False,0.14245669739409872,0.27183429425581906
OTU_334697,microbe,3.7883901399999997,1.206360016,9.81509859474,1.8176294093,0.059327060946523506,0.5476190476190477,-1.272778588570456,-1.4656424379909239,-1.3582452384328132,-0.7080242775889175,-1.0,-1.0,True,0.14382277744559543,0.27183429425581906
OTU_335267,microbe,4.9973861255,3.779382683,9.003648526480001,4.37118646206,0.6904761904761905,0.5476190476190477,-0.11044090829786526,-1.4656424379909239,1.0837031296814494,-0.7080242775889175,-1.0,-1.0,True,0.7458561849003924,0.797431346622228
OTU_335408,microbe,nan,3.432107153,nan,4.48041587084,nan,0.05555555555555555,nan,3.0581905846372024,nan,1.7673259307776783,nan,1.0,False,0.05555555555555553,0.1486357390142467
OTU_337727,microbe,9.412491854999999,8.0920295155,13.7523899101,8.970117647579999,0.0119252335930176,0.8412698412698413,-0.40885704733809847,0.11908710644539537,-0.4756829033624845,-0.6522083152894687,-1.0,1.0,False,0.05620057793573507,0.1486357390142467
OTU_337909,microbe,nan,0.0,nan,0.32046711384000004,nan,0.5476190476190477,nan,-1.4656424379909239,nan,-0.7080242775889175,nan,-1.0,False,0.5476190476190477,0.6362510322047895
OTU_338845,microbe,2.950796433,nan,13.69231237836,nan,0.6904761904761905,nan,-1.9770892663312254,nan,-0.5486052974284665,nan,-1.0,nan,False,0.6904761904761905,0.7604696673189824
OTU_3392847,microbe,32.513231825,11.34348124,54.942265811260015,22.5893871818,0.015873015873015872,0.11496100096730097,-1.1214401524329822,1.430447843837793,-1.2100626846888907,1.2223588193308617,-1.0,1.0,False,0.013332368618814145,0.09570736044220153
OTU_3441309,microbe,0.0,nan,0.7079013958600001,nan,0.0119252335930176,nan,-0.40885704733809847,nan,-0.4756829033624845,nan,-1.0,nan,False,0.011925233593017597,0.09219122893063604
OTU_344703,microbe,1.6346187085000001,0.0,22.201245289240006,9.0621260528,0.30952380952380953,0.007936507936507936,-2.409244901721283,-5.0257987511573825,-0.9433700550994633,-3.9461644607906767,-1.0,-1.0,True,0.01721788136452249,0.10112913369477593
OTU_346804,microbe,4.245999263,3.3010460495,4.4044536923,3.2146805781800003,0.0119252335930176,0.5476190476190477,-0.40885704733809847,-1.4656424379909239,-0.4756829033624845,-0.7080242775889175,-1.0,-1.0,True,0.03938714513419287,0.12666905875156428
OTU_349246,microbe,4.589839102,1.9950060244999999,4.772707773960001,2.1505618720399995,0.0119252335930176,0.5476190476190477,-0.40885704733809847,-1.4656424379909239,-0.4756829033624845,-0.7080242775889175,-1.0,-1.0,True,0.03938714513419287,0.12666905875156428
OTU_350043,microbe,0.0,0.0,4.88500285066,1.7659797419000003,0.6751736149271245,0.8412698412698413,0.02321745320945967,-0.2807195978851434,1.2444672115164208,-0.16278707756788435,1.0,-1.0,False,0.88928184256801,0.9190007730394345
OTU_350832,microbe,nan,0.0,nan,0.32046711384000004,nan,0.5476190476190477,nan,-1.4656424379909239,nan,-0.7080242775889175,nan,-1.0,False,0.5476190476190477,0.6362510322047895
OTU_351309,microbe,8968.114991,2068.485209,15235.215475816603,5553.6368018508,1.0,0.0936926194932482,-0.11847448312754821,1.2872405085930365,-0.010017316360207706,1.6255992986593601,-1.0,1.0,False,0.315531994508612,0.4595792093929784
OTU_352008,microbe,nan,2.585292804,nan,3.1834581975800007,nan,0.015873015873015872,nan,2.3213678586687667,nan,1.9422081596888872,nan,1.0,False,0.015873015873015872,0.10112913369477593
OTU_360440,microbe,0.0,0.0,7.52298227906,1.85249008498,0.6904761904761905,0.015873015873015872,-1.3238796478243873,3.0996001771964283,-0.24750029205609597,2.2603983854089402,-1.0,1.0,False,0.060427719926668316,0.15182464631575412
OTU_366451,microbe,0.0,nan,0.6194958885599999,nan,0.0119252335930176,nan,-0.40885704733809847,nan,-0.4756829033624845,nan,-1.0,nan,False,0.011925233593017597,0.09219122893063604
OTU_3694603,microbe,9.4933446815,4.632858177999999,9.5143195319,4.4654165697999995,0.15079365079365079,0.8412698412698413,-0.11888977996579296,0.12477684870397361,0.8737638531678642,0.06685160719588919,-1.0,1.0,False,0.3887803654332097,0.5315976425311235
OTU_3697034,microbe,1.313064811,0.0,5.05365507508,1.6525496190200002,0.09523809523809523,0.42063492063492064,-0.2241606792568332,1.070650661326969,-2.368442877646134,0.36776067903096754,-1.0,1.0,False,0.16894962832942573,0.2978848710018822
OTU_3750373,microbe,7.755932287,4.321576409,9.5153867441,5.33514181278,0.6904761904761905,0.05555555555555555,2.41680970031385,3.0581905846372024,2.783041569214011,1.9310349655040946,1.0,1.0,True,0.16344129740687655,0.2907230157414353
OTU_375106,microbe,19.7311066,9.8869104455,24.541566378980004,10.569277942780005,1.0,0.8412698412698413,1.5699493633187627,0.12477684870397361,0.5631265718831214,-0.0027584647879541763,1.0,1.0,True,0.9866772869918853,0.9940959132098695
OTU_38415,microbe,5.7004495255,nan,6.050607323280002,nan,0.15079365079365079,nan,-0.11888977996579296,nan,0.3784137256312016,nan,-1.0,nan,False,0.15079365079365087,0.27183429425581906
OTU_386273,microbe,nan,3.926061702,nan,7.8901419946999996,nan,0.031746031746031744,nan,-1.1890720018562668,nan,-1.0591147085966433,nan,-1.0,False,0.03174603174603175,0.12666905875156428
OTU_3868285,microbe,nan,0.6682042935,nan,2.03408483442,nan,0.5476190476190477,nan,-1.4656424379909239,nan,-0.7080242775889175,nan,-1.0,False,0.5476190476190477,0.6362510322047895
OTU_3919797,microbe,8.4076552525,4.397946059,11.74105739142,4.591293449919999,0.6904761904761905,1.0,1.3230107073482973,0.4111450133862208,2.047746126980007,0.0839618389418544,1.0,1.0,True,0.9462104728716652,0.962978759732682
OTU_3957916,microbe,252.05497835,72.26651013,287.51276487478003,72.68974925202001,0.059327060946523506,0.30952380952380953,-0.44909750208835103,2.1834851947523797,-1.3249231675084014,1.7347651266910225,-1.0,1.0,False,0.09176812899897953,0.20921155347384848
OTU_4045626,microbe,0.0,0.0,9.274779893879998,3.1968687225599997,0.4633438825652173,0.5476190476190477,-1.372029447216298,0.6248860260381277,-0.8540675332612886,0.8533947703179873,-1.0,1.0,False,0.6017249204491814,0.693104349629143
OTU_42664,microbe,0.0,0.0,10.060215032439999,3.1567006761800003,0.30952380952380953,0.2222222222222222,2.920167307021799,1.4220688647296638,0.5101088478740505,1.4578508806479782,1.0,1.0,True,0.25290142618399664,0.3940557105657622
OTU_4312974,microbe,3.746167589,2.5604381619999996,18.9012837169,10.712589191759998,0.9165626446795413,0.6904761904761905,-0.04646200831600158,0.2918396808847429,0.05433824376973274,0.3915914162841678,-1.0,1.0,False,0.9223994216047385,0.9435230724811828
OTU_4315660,microbe,nan,0.0,nan,0.48510916206000004,nan,0.2222222222222222,nan,0.41683475564479927,nan,0.5269953438979861,nan,1.0,False,0.22222222222222218,0.3573333333333333
OTU_4330365,microbe,0.0,nan,0.6194958885599999,nan,0.0119252335930176,nan,-0.40885704733809847,nan,-0.4756829033624845,nan,-1.0,nan,False,0.011925233593017597,0.09219122893063604
OTU_4331876,microbe,nan,0.0,nan,0.32046711384000004,nan,0.5476190476190477,nan,-1.4656424379909239,nan,-0.7080242775889175,nan,-1.0,False,0.5476190476190477,0.6362510322047895
OTU_4340153,microbe,6.19004779,6.270177198000001,6.303791318240001,6.167073965459999,0.0119252335930176,1.0,-0.40885704733809847,0.41683475564479927,-0.4756829033624845,-0.9673595450405035,-1.0,1.0,False,0.06474326964713482,0.16065922467992716
OTU_4342104,microbe,nan,1.8984434335,nan,2.440265340740001,nan,0.2222222222222222,nan,0.41683475564479927,nan,0.8400262422019954,nan,1.0,False,0.22222222222222218,0.3573333333333333
OTU_4343627,microbe,nan,4.6133892735,nan,9.0366376522,nan,0.007936507936507936,nan,-1.5111205535640406,nan,-1.3079728589357296,nan,-1.0,False,0.007936507936507934,0.09219122893063604
OTU_4343981,microbe,3.645222189,nan,4.4569709063800005,nan,0.0119252335930176,nan,-0.46992405199094206,nan,-1.399700444252032,nan,-1.0,nan,False,0.011925233593017597,0.09219122893063604
OTU_4345268,microbe,3.663797875,2.0069636795,3.6004347562000003,2.4124621407,0.0119252335930176,0.5476190476190477,-0.40885704733809847,-1.4656424379909239,-0.4756829033624845,-0.7080242775889175,-1.0,-1.0,True,0.03938714513419287,0.12666905875156428
OTU_434992,microbe,nan,2.699583767,nan,5.190082766120001,nan,0.5476190476190477,nan,-1.0589818229009982,nan,-0.3383470993241026,nan,-1.0,False,0.5476190476190477,0.6362510322047895
OTU_4354103,microbe,169.4111395,31.31787773,439.45147633409994,89.2280974611,0.6694224180573263,0.0119252335930176,0.0,-1.8190903747684302,-0.11797688288947517,-2.0778286013571834,0.0,-1.0,False,0.04654450085617087,0.14326013172070567
OTU_4356342,microbe,5.7272714165,4.231111517,7.1439233715000015,4.365683626100001,0.15079365079365079,0.8412698412698413,2.1121599067741177,0.0905271059144576,2.1645324792463607,-0.29410203705883026,1.0,1.0,True,0.3887803654332097,0.5315976425311235
OTU_4357315,microbe,5.5441864925,3.093282583,5.739279346860002,3.3321591986399994,0.0119252335930176,0.6904761904761905,-0.40885704733809847,0.4111450133862208,-0.4756829033624845,-0.19857078737622888,-1.0,1.0,False,0.04775337724023522,0.14326013172070567
OTU_4359590,microbe,nan,0.0,nan,0.5452057938600001,nan,0.6904761904761905,nan,0.41683475564479927,nan,0.8019339229385927,nan,1.0,False,0.6904761904761905,0.7604696673189824
OTU_4364237,microbe,9.171943156000001,9.034798424,9.770487979860004,8.3668312602,0.15079365079365079,0.015873015873015872,-0.11888977996579296,1.8077490115603725,0.15876823440107388,1.504893393461011,-1.0,1.0,False,0.016838570852778397,0.10112913369477593
OTU_4376230,microbe,0.0,nan,0.6545156710000001,nan,0.0119252335930176,nan,-0.40885704733809847,nan,-0.4756829033624845,nan,-1.0,nan,False,0.011925233593017597,0.09219122893063604
OTU_4380137,microbe,nan,1.0982963225,nan,5.02920030592,nan,0.007936507936507936,nan,3.641092373140398,nan,2.8826680528296493,nan,1.0,False,0.007936507936507934,0.09219122893063604
OTU_4383953,microbe,7.211979074,5.9105476275,85.37222307608,24.195297972000002,0.5992863303677124,0.6004018480969686,-0.8262100804146566,0.6115676989792156,-0.1644352043130199,0.5440599543675015,-1.0,1.0,False,0.7276029636251424,0.7948271504818132
OTU_4384058,microbe,0.0,nan,2.018216527,nan,1.0,nan,1.2619437026954539,nan,0.44419552765375087,nan,1.0,nan,False,1.0,1.0
OTU_4390754,microbe,5.095958181,4.7765921815,8.020926541020001,6.789584768119998,0.6904761904761905,0.15079365079365079,-0.11044090829786526,3.5090478734863355,2.737196809231901,2.3521768118349575,-1.0,1.0,False,0.33966013049152377,0.4841963562325977
OTU_4397402,microbe,293.57083945,36.53861705,844.81963967002,121.73829548136,0.7456825420836934,0.011412036386001651,0.0,-2.035640415209067,0.03863948644874696,-2.3846392841667132,0.0,-1.0,False,0.04907186690265204,0.14505066540342734
OTU_4407703,microbe,8.281707208,3.1198423555000003,9.232893978000003,3.7025888497400006,0.14245669739409875,0.8412698412698413,-0.40885704733809847,0.11908710644539537,0.5930252733702785,-0.33373404935327666,-1.0,1.0,False,0.3741018717994103,0.5240033186876757
OTU_4410988,microbe,1021.874815,154.0386819,974.5231336004799,165.19051753422002,0.0936926194932482,0.15079365079365079,-0.42917026155275084,-0.786863362560024,-1.2712475451448162,-0.6535040352083261,-1.0,-1.0,True,0.07430865529816508,0.17887472712492433
OTU_4416610,microbe,2.9935054660000002,nan,6.683134280419999,nan,0.007936507936507936,nan,-3.357807856669175,nan,-2.5267521173477663,nan,-1.0,nan,False,0.007936507936507934,0.09219122893063604
OTU_4418586,microbe,nan,0.0,nan,2.3240968662,nan,0.5476190476190477,nan,-1.4656424379909239,nan,-0.7080242775889175,nan,-1.0,False,0.5476190476190477,0.6362510322047895
OTU_4420570,microbe,0.0,0.0,3.7531862726200003,1.5583568850199998,0.5476190476190477,0.09523809523809523,-0.21571180758890546,2.1108295413007125,1.3754379306614517,1.334100346407026,-1.0,1.0,False,0.2061942520836894,0.34974721239511875
OTU_4425214,microbe,0.0,nan,8.551712763260001,nan,0.2222222222222222,nan,-2.7062302042166184,nan,-1.334612259947571,nan,-1.0,nan,False,0.22222222222222218,0.3573333333333333
OTU_4429335,microbe,nan,4.941742651,nan,9.066248652719999,nan,0.15079365079365079,nan,-1.1821987568406307,nan,-0.793864707545982,nan,-1.0,False,0.15079365079365087,0.27183429425581906
OTU_4431850,microbe,nan,0.0,nan,0.32046711384000004,nan,0.5476190476190477,nan,-1.4656424379909239,nan,-0.7080242775889175,nan,-1.0,False,0.5476190476190477,0.6362510322047895
OTU_4432841,microbe,1.0564931135,0.0,28.315938810900008,3.4720028603,0.15079365079365079,0.5476190476190477,-0.11888977996579296,-1.4656424379909239,0.15876823440107388,-0.7080242775889175,-1.0,-1.0,True,0.2885272128251804,0.43279081923777063
OTU_4435934,microbe,10.669989875,5.480053073,14.411657333300003,5.76469378598,0.09523809523809523,0.2222222222222222,-0.1799567846186365,0.9971608345948669,-0.8442582364808011,0.47122647185518957,-1.0,1.0,False,0.10276090272888364,0.22090846468989958
OTU_4437746,microbe,26.236833259999997,0.0,46.30540846508,3.94899963474,0.15079365079365079,0.30952380952380953,4.1559558038571165,-1.4656424379909239,4.239806846092485,-1.678169367863281,1.0,-1.0,False,0.1897103377902299,0.3273113982475211
OTU_4439125,microbe,0.0,nan,0.98449164556,nan,0.0119252335930176,nan,-0.46992405199094206,nan,-1.399700444252032,nan,-1.0,nan,False,0.011925233593017597,0.09219122893063604
OTU_4440624,microbe,75.404061075,21.69408635,72.23561895012001,21.44615362746,0.2948019919337048,0.15079365079365079,-0.21571180758890546,2.0162642440017486,-1.1910755973075342,2.51690743752046,-1.0,1.0,False,0.18285348928218656,0.31959609865843047
OTU_4442899,microbe,nan,2.5604381619999996,nan,2.8115776508399994,nan,0.5476190476190477,nan,-1.4656424379909239,nan,-0.7080242775889175,nan,-1.0,False,0.5476190476190477,0.6362510322047895
OTU_4445673,microbe,nan,2.302487045,nan,4.67157847714,nan,0.30952380952380953,nan,-1.3713467466582907,nan,-0.8317502262554658,nan,-1.0,False,0.30952380952380965,0.4541188738269032
OTU_4448052,microbe,7.046631423,3.026302209,26.433488155080003,6.886800295800003,0.0119252335930176,0.5476190476190477,-0.40885704733809847,-1.4656424379909239,-0.4756829033624845,-0.7080242775889175,-1.0,-1.0,True,0.03938714513419287,0.12666905875156428
OTU_4448928,microbe,nan,0.0,nan,0.5097157780799999,nan,0.5476190476190477,nan,-1.4656424379909239,nan,-0.7080242775889175,nan,-1.0,False,0.5476190476190477,0.6362510322047895
OTU_4449524,microbe,0.0,0.0,2.03701828658,1.5063837912600002,0.14245669739409875,0.5476190476190477,-0.40885704733809847,-1.4656424379909239,2.21810186208847,2.591968330893178,-1.0,-1.0,True,0.27701223734654157,0.4250340435622508
OTU_445144,microbe,3.0408207669999996,2.2498444620000004,4.5861323261799996,4.90672853982,0.2222222222222222,0.015873015873015872,-0.21571180758890546,-2.762261002573864,-1.4984200668885173,-2.866067618963447,-1.0,-1.0,True,0.023446956342743595,0.12245051906933113
OTU_4454318,microbe,nan,0.0,nan,0.32046711384000004,nan,0.5476190476190477,nan,-1.4656424379909239,nan,-0.7080242775889175,nan,-1.0,False,0.5476190476190477,0.6362510322047895
OTU_4468805,microbe,6.059109138,2.5945564369999996,21.393346648979996,5.78409951064,0.015873015873015872,0.24915263858192682,-0.83091783394874,-1.047859338496742,-1.4068867563234557,-0.6155914549393922,-1.0,-1.0,True,0.025836038243447025,0.12666905875156428
OTU_4470837,microbe,0.0,nan,1.06802822448,nan,0.14245669739409875,nan,-0.40885704733809847,nan,0.5930252733702785,nan,-1.0,nan,False,0.14245669739409872,0.27183429425581906
OTU_4476330,microbe,10.827016205,5.6790328685,12.0149708562,6.982173100079998,0.15079365079365079,1.0,-0.11888977996579296,0.0905271059144576,0.47681441089410637,-0.024976123716944517,-1.0,1.0,False,0.43607155260250585,0.5794230368915
OTU_4480555,microbe,nan,0.0,nan,3.45987259566,nan,0.5476190476190477,nan,-1.4656424379909239,nan,-0.7080242775889175,nan,-1.0,False,0.5476190476190477,0.6362510322047895
OTU_4481359,microbe,9.335749179,4.240924528,10.361942547080002,4.318975442059999,0.0119252335930176,0.8412698412698413,-0.40885704733809847,0.12477684870397361,-1.5858463088456116,0.5878553715868815,-1.0,1.0,False,0.05620057793573507,0.1486357390142467
OTU_460611,microbe,0.0,0.0,4.434904770239999,9.00703757618,0.0119252335930176,0.5476190476190477,-0.46992405199094206,-1.4656424379909239,-1.3986153771315213,-0.7080242775889175,-1.0,-1.0,True,0.03938714513419287,0.12666905875156428
OTU_47365,microbe,86.71484203,26.69392671,262.32631029995997,80.83711028368003,0.18122053638510982,0.011667312343319386,0.0,-1.4574132104585986,-0.4093157062773419,-1.7968296120942675,0.0,-1.0,False,0.015136688887196962,0.10112913369477593
OTU_495451,microbe,nan,4.278760699999999,nan,8.28841706486,nan,0.015873015873015872,nan,-2.081514386901714,nan,-1.5114677581707918,nan,-1.0,False,0.015873015873015872,0.10112913369477593
OTU_539647,microbe,5.171715122,1.9463486075,18.357911160140006,9.018520662519997,0.0119252335930176,0.007936507936507936,-2.4275537333631756,-4.855282679737,-2.089490879705594,-4.176614574625224,-1.0,-1.0,True,0.0009715639770572684,0.09219122893063604
OTU_544419,microbe,0.585295991,0.0,4.847866145240001,2.3098350447600002,0.031746031746031744,1.0,-3.4780504505419327,-0.7371732970488367,-3.1588624243640684,-1.1140534051250846,-1.0,-1.0,True,0.14126944589941548,0.27183429425581906
OTU_545299,microbe,nan,3.8097155245,nan,6.924091622340001,nan,0.8412698412698413,nan,-0.7173527611131996,nan,-0.10885736103887542,nan,-1.0,False,0.8412698412698412,0.8716249386352478
OTU_549756,microbe,3.290666245,0.004936729,17.81535277006,8.373202250379999,0.5476190476190477,0.007936507936507936,-1.7226681011687912,-6.607103204853517,-0.6959764882710424,-4.796194353547807,-1.0,-1.0,True,0.027982713173475254,0.12666905875156428
OTU_573338,microbe,nan,0.0,nan,0.6054659652000001,nan,0.2222222222222222,nan,0.41683475564479927,nan,0.5269953438979861,nan,1.0,False,0.22222222222222218,0.3573333333333333
OTU_581021,microbe,0.0,nan,0.66661696734,nan,0.0119252335930176,nan,-0.40885704733809847,nan,-0.4756829033624845,nan,-1.0,nan,False,0.011925233593017597,0.09219122893063604
OTU_586387,microbe,0.6330480815,0.735092276,8.802581783139999,3.21681736938,0.5476190476190477,0.8412698412698413,-1.447867794968284,0.18589649174156084,-1.1736236318756679,0.2147243343129621,-1.0,1.0,False,0.8177427076043214,0.8628151403069219
OTU_611528,microbe,0.0,nan,4.78349555598,nan,0.15079365079365079,nan,-2.567150986258928,nan,-1.2490349485027186,nan,-1.0,nan,False,0.15079365079365087,0.27183429425581906
OTU_624911,microbe,0.0,nan,4.595405960320001,nan,0.6904761904761905,nan,-0.25889256133687794,nan,-0.5619194820029201,nan,-1.0,nan,False,0.6904761904761905,0.7604696673189824
OTU_628218,microbe,2.5913447004999997,nan,3.4288945797799992,nan,0.0119252335930176,nan,-0.40885704733809847,nan,-0.4756829033624845,nan,-1.0,nan,False,0.011925233593017597,0.09219122893063604
OTU_631764,microbe,25.362316030000002,10.253442755,88.44837787946,26.480515251239993,0.015970696353780123,0.345741825860727,1.422900867766205,0.14988018586442783,1.1974788742531315,0.5493117275049151,1.0,1.0,True,0.03422959812746474,0.12666905875156428
OTU_635059,microbe,129.1197934,24.400910445,228.83099825415994,35.983073436059996,0.8412698412698413,0.30952380952380953,1.4864902025831082,-1.7919500877212655,0.1211846147347077,-0.8373557935721347,1.0,-1.0,False,0.6107683135875269,0.6955491843121411
OTU_637409,microbe,nan,0.0,nan,1.0136792239,nan,0.6904761904761905,nan,0.4111450133862208,nan,-0.6172526430758433,nan,1.0,False,0.6904761904761905,0.7604696673189824
OTU_665703,microbe,3.507665286,0.0,12.724568553820001,2.00133046824,0.14245669739409875,0.2222222222222222,-0.11888977996579296,-1.4713321802495023,3.205903300655367,-2.1319930663235,-1.0,-1.0,True,0.14096231398087566,0.27183429425581906
OTU_668514,microbe,0.7130247245000001,nan,2.3500446030600006,nan,0.14245669739409875,nan,-0.46992405199094206,nan,0.3291496257467596,nan,-1.0,nan,False,0.14245669739409872,0.27183429425581906
OTU_683621,microbe,nan,1.972183303,nan,2.01047349038,nan,0.5476190476190477,nan,-1.4656424379909239,nan,-0.7080242775889175,nan,-1.0,False,0.5476190476190477,0.6362510322047895
OTU_716984,microbe,16.32067953,6.951399058,16.440268672880006,7.294283012479999,0.8412698412698413,0.5476190476190477,1.2619437026954539,1.481441361830031,0.7629380317248324,1.0533645088073214,1.0,1.0,True,0.8177427076043214,0.8628151403069219
OTU_724472,microbe,nan,2.4750074885,nan,2.949635207559999,nan,0.2222222222222222,nan,2.073313125391356,nan,0.6459246584433721,nan,1.0,False,0.22222222222222218,0.3573333333333333
OTU_730315,microbe,nan,1.9501748695,nan,2.9553902515,nan,0.30952380952380953,nan,1.784521891570371,nan,0.9533136457449265,nan,1.0,False,0.30952380952380965,0.4541188738269032
OTU_730939,microbe,11.75729582,6.0316513965,25.06772413126,7.238022293619997,0.2222222222222222,0.6904761904761905,-3.9751184035799993,-0.7727960955358293,-1.1052458842099124,-0.5022848085446121,-1.0,-1.0,True,0.4410533564397985,0.5794230368915
OTU_743693,microbe,10.22283041,9.0937478325,20.711043773280004,11.69371752428,0.6904761904761905,1.0,-0.03145150597928531,0.9887482159645372,-1.2404908008091033,-0.3267872225458938,-1.0,1.0,False,0.9462104728716652,0.962978759732682
OTU_743911,microbe,7.453617657,2.6038679405,10.371777811320001,2.7544762576800004,0.6904761904761905,0.5476190476190477,-0.11044090829786526,-1.4656424379909239,2.172812949584517,-0.7080242775889175,-1.0,-1.0,True,0.7458561849003924,0.797431346622228
OTU_749699,microbe,0.0,nan,6.7897536909000005,nan,1.0,nan,-0.8442760533147793,nan,0.44441650713890785,nan,-1.0,nan,False,1.0,1.0
OTU_759349,microbe,nan,0.0,nan,0.565473951,nan,0.15079365079365079,nan,-1.7919500877212655,nan,-1.8672036671886247,nan,-1.0,False,0.15079365079365087,0.27183429425581906
OTU_760967,microbe,nan,4.563882597999999,nan,8.194382015319999,nan,0.007936507936507936,nan,-1.9725704863117055,nan,-2.0314761700329154,nan,-1.0,False,0.007936507936507934,0.09219122893063604
OTU_772515,microbe,3.5801577900000003,1.9327392935,21.782311230299996,5.66819320608,0.09523809523809523,0.5476190476190477,-1.883777580434439,0.5417918699569233,-2.9669501432444205,0.6421311958430225,-1.0,1.0,False,0.2061942520836894,0.34974721239511875
OTU_779847,microbe,12.330224495,4.321576409,26.599251224720014,9.3254874443,0.09523809523809523,0.30952380952380953,-2.5587021145910005,-1.4656424379909239,-1.2209627990757175,-1.4302534964501983,-1.0,-1.0,True,0.13336335994061008,0.27183429425581906
OTU_790663,microbe,463.47681095,397.212877,699.8857223340196,421.5746927818803,0.14245669739409875,0.0936926194932482,2.2047982202831364,0.1879628935113738,1.8471206060290837,1.5533593072296936,1.0,1.0,True,0.07095944942171559,0.1729497811842606
OTU_814442,microbe,0.0,nan,0.6194958885599999,nan,0.0119252335930176,nan,-0.40885704733809847,nan,-0.4756829033624845,nan,-1.0,nan,False,0.011925233593017597,0.09219122893063604
OTU_816702,microbe,1.213822213,nan,1.4320870875000002,nan,0.0119252335930176,nan,-0.40885704733809847,nan,-0.4756829033624845,nan,-1.0,nan,False,0.011925233593017597,0.09219122893063604
OTU_827689,microbe,211.05797189999998,83.36887252,272.89747705484,88.60863097629999,1.0,0.8412698412698413,-0.33610129951901774,-1.6768224624992154,0.5568470671319317,0.132587048216983,-1.0,-1.0,True,0.9866772869918853,0.9940959132098695
OTU_828676,microbe,nan,3.704760025,nan,6.62780814586,nan,0.5476190476190477,nan,-0.8346770873938504,nan,-0.08360143257065632,nan,-1.0,False,0.5476190476190477,0.6362510322047895
OTU_830014,microbe,nan,4.459405266499999,nan,4.926103217539999,nan,0.5476190476190477,nan,-1.4656424379909239,nan,-0.7080242775889175,nan,-1.0,False,0.5476190476190477,0.6362510322047895
OTU_839152,microbe,0.0,0.0,1.9079767129999998,1.3471685413,0.20869044313696405,0.42063492063492064,-0.21571180758890546,1.070650661326969,-0.9382073928589958,0.5556128919925194,-1.0,1.0,False,0.30134791062475547,0.45034148725335205
OTU_839200,microbe,nan,68.41244503,nan,81.51079189154001,nan,0.05555555555555555,nan,3.229446397326545,nan,2.127459622052239,nan,1.0,False,0.05555555555555553,0.1486357390142467
OTU_851733,microbe,3.8895840045,nan,9.061919206300002,nan,0.059327060946523506,nan,-2.337765675057965,nan,-2.021584066185213,nan,-1.0,nan,False,0.059327060946523506,0.15182464631575412
OTU_85594,microbe,nan,3.3525694035,nan,6.3851705573599995,nan,0.09523809523809523,nan,-1.1347616622212948,nan,-0.9533495931398781,nan,-1.0,False,0.0952380952380952,0.20921155347384848
OTU_91557,microbe,0.957619403,nan,2.7749616504200003,nan,0.059327060946523506,nan,-0.5141279466291389,nan,-1.4827512050355807,nan,-1.0,nan,False,0.059327060946523506,0.15182464631575412
OTU_91962,microbe,0.0,nan,0.6194958885599999,nan,0.0119252335930176,nan,-0.40885704733809847,nan,-0.4756829033624845,nan,-1.0,nan,False,0.011925233593017597,0.09219122893063604
OTU_929275,microbe,nan,0.0,nan,0.64375771308,nan,0.2222222222222222,nan,0.41683475564479927,nan,0.6366240862734598,nan,1.0,False,0.22222222222222218,0.3573333333333333
OTU_98048,microbe,132.324346,24.01567885,127.40281053193999,24.86312636173999,0.05555555555555555,0.2222222222222222,-0.2241606792568332,-1.968880369440041,-1.377366832284476,-1.4969501059752133,-1.0,-1.0,True,0.06659813771200541,0.16424816785414834
OTU_99882,microbe,nan,0.0,nan,0.35982958272000004,nan,0.5476190476190477,nan,-1.4656424379909239,nan,-0.7080242775889175,nan,-1.0,False,0.5476190476190477,0.6362510322047895
fasting glucose from GTT,pheno,162.5,138.0,160.42,138.72,0.15079365079365079,0.007936507936507936,0.09729720135491479,0.6830267870554023,0.14512491574024958,0.8351156152582178,1.0,1.0,True,0.009248826647769829,0.009248826647769829
fasting glucose from HOMA serum,pheno,156.272225,149.919625,160.47577999999996,149.8645626,0.15079365079365079,0.007936507936507936,0.18798297693544025,0.7517045149314583,0.29850652646909237,1.137405609161876,1.0,1.0,True,0.009248826647769829,0.009248826647769829
fasting insulin,pheno,1.059743,1.399102,1.0902571659999998,1.6067808659999998,0.09523809523809523,0.007936507936507936,0.7915055161447522,0.5969389281820545,0.7607040526731115,1.3153895661595187,1.0,1.0,True,0.006188705339467085,0.007956906865029109
fasting leptin,pheno,13.78525,25.403104,16.00261249,31.964109823999998,0.09523809523809523,0.007936507936507936,1.9296877859319501,2.7617670199561326,1.413890126751636,3.2661279873012994,1.0,1.0,True,0.006188705339467085,0.007956906865029109
fed glucose,pheno,182.5,156.0,181.86,154.12,0.031746031746031744,0.007936507936507936,0.2563397532597856,0.3337373971769956,0.21763058501743004,0.40872372534664153,1.0,1.0,True,0.002339700038494096,0.004211460069289373
